discente,escola,ano,turma,texto,respostas,correcao_humana,tempo_inicial,tempo_final,pontuacao,correcao,exata,grafia_incorreta,aceitavel,classe_correta,erro,branco,compreensao
EST_111,CODAP,8,A,O dia em que os jacarés invadiram a cidade,"['eram', 'jogaram', 'deram', 'machucassem', 'ocorreu', 'invadiram', 'entupiram', 'viveram', 'aumentava', 'ficaram', 'perceberam', 'era', 'estavam', 'mataram', 'era', 'tinham', 'matavam', 'mudou', 'os', 'habitavam', 'sobreviveram', 'comeram', 'começaram', 'fazer', 'criaram', 'venderam', 'tinham', 'começaram', 'atacar', 'com', 'influenciassem', 'pegaram', 'jogou', 'apertou', 'era']","['mesma classe e mesmo campo semântico', 'mesma classe e mesmo campo semântico', 'mesma classe e mesmo campo semântico', 'mesma classe e mesmo campo semântico', 'mesma classe e mesmo campo semântico', 'mesma classe e campo semântico diferente', 'mesma classe e campo semântico diferente', 'mesma classe e campo semântico diferente', 'mesma classe e mesmo campo semântico', 'mesma classe e mesmo campo semântico', 'mesma classe e mesmo campo semântico', 'mesma classe e mesmo campo semântico', 'mesma classe e campo semântico diferente', 'mesma classe e mesmo campo semântico', 'mesma classe e mesmo campo semântico', 'mesma classe e campo semântico diferente', 'mesma classe e mesmo campo semântico', 'mesma classe e mesmo campo semântico', '-', 'mesma classe e mesmo campo semântico', 'mesma classe e mesmo campo semântico', 'mesma classe e mesmo campo semântico', 'mesma classe e mesmo campo semântico', 'mesma classe e mesmo campo semântico', 'mesma classe e mesmo campo semântico', 'mesma classe e mesmo campo semântico', 'mesma classe e campo semântico diferente', 'mesma classe e mesmo campo semântico', 'mesma classe e mesmo campo semântico', '-', 'mesma classe e campo semântico diferente', 'mesma classe e mesmo campo semântico', 'mesma classe e mesmo campo semântico', 'mesma classe e mesmo campo semântico', 'mesma classe e mesmo campo semântico']",08:15,08:26,"[1.0, 1.0, 1.0, 1.0, 1.0, 0.5, 0.5, 0.5, 1.0, 1.0, 1.0, 1.0, 0.5, 1.0, 1.0, 0.5, 1.0, 1.0, 0.0, 1.0, 1.0, 1.0, 1.0, 1.0, 1.0, 1.0, 0.5, 1.0, 1.0, 0.0, 1.0, 1.0, 0.5, 1.0, 1.0]","['exata', 'aceitavel', 'aceitavel', 'exata', 'aceitavel', 'classe_correta', 'classe_correta', 'classe_correta', 'exata', 'exata', 'aceitavel', 'exata', 'classe_correta', 'aceitavel', 'aceitavel', 'classe_correta', 'aceitavel', 'exata', 'erro', 'aceitavel', 'exata', 'aceitavel', 'exata', 'exata', 'aceitavel', 'exata', 'classe_correta', 'exata', 'aceitavel', 'erro', 'aceitavel', 'exata', 'classe_correta', 'aceitavel', 'aceitavel']",12,0,14,7,2,0,84.286
EST_112,CODAP,8,B,O dia em que os jacarés invadiram a cidade,"['são', 'viu', 'deu', 'machucassem', 'foi', '-', 'pararam', 'esconderam', 'mudava', 'ficaram', 'apareceu', 'era', 'foram', 'atacou', 'é', 'mudou', 'eram', 'mudasse', 'os', 'queriam', 'morreram', 'fugiram', 'achou', 'melhor', 'foram', 'confundiram', 'pegaram', 'levou', 'cura', 'com', 'entregasse', 'que', 'cientistas', 'deu', 'foi']","['mesma classe e mesmo campo semântico', 'mesma classe e campo semântico diferente', 'mesma classe e mesmo campo semântico', 'mesma classe e mesmo campo semântico', 'mesma classe e mesmo campo semântico', '-', 'mesma classe e mesmo campo semântico', 'mesma classe e campo semântico diferente', 'mesma classe e mesmo campo semântico', 'mesma classe e mesmo campo semântico', 'mesma classe e mesmo campo semântico', 'mesma classe e mesmo campo semântico', 'mesma classe e campo semântico diferente', 'mesma classe e mesmo campo semântico', 'mesma classe e mesmo campo semântico', 'mesma classe e campo semântico diferente', 'mesma classe e campo semântico diferente', 'mesma classe e mesmo campo semântico', '-', 'mesma classe e campo semântico diferente', 'mesma classe e campo semântico diferente', 'mesma classe e campo semântico diferente', 'mesma classe e campo semântico diferente', '-', 'mesma classe e campo semântico diferente', 'mesma classe e campo semântico diferente', 'mesma classe e campo semântico diferente', 'mesma classe e campo semântico diferente', 'mesma classe e campo semântico diferente', '-', 'mesma classe e campo semântico diferente', '-', '-', 'mesma classe e mesmo campo semântico', 'mesma classe e mesmo campo semântico']",08:07,08:16,"[1.0, 0.5, 0.5, 1.0, 1.0, 0.0, 1.0, 1.0, 1.0, 1.0, 0.5, 1.0, 0.5, 0.5, 1.0, 0.5, 0.5, 0.5, 0.0, 0.5, 1.0, 0.5, 0.5, 0.0, 0.5, 0.5, 0.5, 0.5, 0.0, 0.0, 0.5, 0.0, 0.0, 0.5, 1.0]","['aceitavel', 'classe_correta', 'classe_correta', 'exata', 'exata', 'branco', 'grafia_incorreta', 'aceitavel', 'aceitavel', 'exata', 'classe_correta', 'exata', 'classe_correta', 'classe_correta', 'aceitavel', 'classe_correta', 'classe_correta', 'classe_correta', 'erro', 'classe_correta', 'aceitavel', 'classe_correta', 'classe_correta', 'erro', 'classe_correta', 'classe_correta', 'classe_correta', 'classe_correta', 'erro', 'erro', 'classe_correta', 'erro', 'erro', 'classe_correta', 'exata']",5,1,5,17,6,1,55.714
EST_113,CODAP,8,B,O dia em que os jacarés invadiram a cidade,"['são', 'quando', 'como', 'passão', 'comente', 'gosta', 'saí', 'cuidão', 'tem', 'são', 'chega', 'é', 'sai', 'enquanto', 'quere', 'agente', 'são', 'é', 'os', 'do', 'matão', 'matão', 'que', 'sua', 'morão', 'humanos', 'são', 'pois', 'chega', 'são', 'machuque', 'mata', 'pediu', 'joga', 'em']","['mesma classe e mesmo campo semântico', '-', '-', 'mesma classe e campo semântico diferente', 'mesma classe e campo semântico diferente', 'mesma classe e campo semântico diferente', 'mesma classe e campo semântico diferente', 'mesma classe e campo semântico diferente', 'mesma classe e campo semântico diferente', 'mesma classe e mesmo campo semântico', 'mesma classe e campo semântico diferente', 'mesma classe e mesmo campo semântico', 'mesma classe e campo semântico diferente', '-', 'mesma classe e campo semântico diferente', '-', 'mesma classe e campo semântico diferente', 'mesma classe e campo semântico diferente', '-', '-', 'mesma classe e campo semântico diferente', 'mesma classe e campo semântico diferente', '-', '-', 'mesma classe e campo semântico diferente', '-', 'mesma classe e campo semântico diferente', '-', 'mesma classe e campo semântico diferente', 'mesma classe e campo semântico diferente', 'mesma classe e mesmo campo semântico', 'mesma classe e campo semântico diferente', 'mesma classe e campo semântico diferente', 'mesma classe e campo semântico diferente', '-']",08:07,08:21,"[1.0, 0.0, 0.0, 0.5, 0.0, 0.5, 0.5, 0.0, 0.5, 0.5, 0.5, 1.0, 0.5, 0.0, 0.5, 0.0, 0.5, 0.5, 0.0, 0.0, 0.0, 0.0, 0.0, 0.0, 0.5, 0.0, 0.5, 0.0, 0.5, 0.5, 1.0, 0.5, 0.5, 0.5, 0.0]","['aceitavel', 'erro', 'erro', 'classe_correta', 'erro', 'classe_correta', 'classe_correta', 'erro', 'classe_correta', 'classe_correta', 'classe_correta', 'aceitavel', 'classe_correta', 'erro', 'classe_correta', 'erro', 'classe_correta', 'classe_correta', 'erro', 'erro', 'erro', 'erro', 'erro', 'erro', 'classe_correta', 'erro', 'classe_correta', 'erro', 'classe_correta', 'classe_correta', 'aceitavel', 'classe_correta', 'classe_correta', 'classe_correta', 'erro']",0,0,3,17,15,0,32.857
EST_114,CODAP,8,A,O dia em que os jacarés invadiram a cidade,"['são', 'jogam', 'dão', 'machuquem', 'é', 'cresce', 'vive', 'faz', 'evolui', 'são', 'perceberam', 'era', 'foram', 'atacou', 'é', 'roubavam', 'mordia', 'aguentou', 'os', 'pegaram', '-', 'morreram', 'pegaram', 'suas', 'levaram', 'usava', 'tinham', '-', '-', 'tinham', 'machuquem', 'que', 'jogava', 'davam', 'é']","['mesma classe e mesmo campo semântico', 'mesma classe e mesmo campo semântico', 'mesma classe e mesmo campo semântico', 'mesma classe e mesmo campo semântico', 'mesma classe e mesmo campo semântico', 'mesma classe e campo semântico diferente', 'mesma classe e mesmo campo semântico', 'mesma classe e campo semântico diferente', 'mesma classe e campo semântico diferente', 'mesma classe e mesmo campo semântico', 'mesma classe e mesmo campo semântico', 'mesma classe e mesmo campo semântico', 'mesma classe e campo semântico diferente', 'mesma classe e mesmo campo semântico', 'mesma classe e mesmo campo semântico', 'mesma classe e campo semântico diferente', 'mesma classe e campo semântico diferente', 'mesma classe e campo semântico diferente', '-', 'mesma classe e mesmo campo semântico', '-', 'mesma classe e campo semântico diferente', 'mesma classe e campo semântico diferente', '-', 'mesma classe e campo semântico diferente', 'mesma classe e campo semântico diferente', 'mesma classe e campo semântico diferente', '-', '-', 'mesma classe e mesmo campo semântico', 'mesma classe e mesmo campo semântico', '-', 'mesma classe e campo semântico diferente', 'mesma classe e mesmo campo semântico', 'mesma classe e mesmo campo semântico']",08:15,08:37,"[1.0, 0.5, 0.5, 1.0, 1.0, 0.5, 0.5, 0.5, 0.5, 0.5, 1.0, 1.0, 0.5, 0.5, 1.0, 0.5, 1.0, 0.5, 0.0, 0.5, 0.0, 0.5, 0.5, 0.0, 0.5, 0.5, 0.5, 0.0, 0.0, 1.0, 1.0, 0.0, 0.5, 0.5, 1.0]","['aceitavel', 'classe_correta', 'classe_correta', 'aceitavel', 'aceitavel', 'classe_correta', 'classe_correta', 'classe_correta', 'classe_correta', 'classe_correta', 'aceitavel', 'exata', 'classe_correta', 'classe_correta', 'aceitavel', 'classe_correta', 'aceitavel', 'classe_correta', 'erro', 'classe_correta', 'branco', 'classe_correta', 'classe_correta', 'erro', 'classe_correta', 'classe_correta', 'classe_correta', 'branco', 'branco', 'aceitavel', 'aceitavel', 'erro', 'classe_correta', 'classe_correta', 'aceitavel']",1,0,9,19,3,3,55.714
EST_115,CODAP,8,B,O dia em que os jacarés invadiram a cidade,"['são', 'jogaram', 'deram', 'machuquem', 'é', 'cairam', 'irem', 'repete', 'cada', 'são', 'surgiram', 'de', 'foram', 'atacaram', 'sugeriram', 'mudaram', 'eram', 'destrua', 'os', 'tomar', 'morreram', 'criados', 'multaram', 'suas', 'conviviam', 'deram', 'eram', 'tiveram', 'ferocidade', 'no', 'aproveitavam', 'jogaram', 'jacarés', 'deram', 'Foi']","['mesma classe e mesmo campo semântico', 'mesma classe e mesmo campo semântico', 'mesma classe e mesmo campo semântico', 'mesma classe e mesmo campo semântico', 'mesma classe e mesmo campo semântico', 'mesma classe e campo semântico diferente', 'mesma classe e campo semântico diferente', 'mesma classe e campo semântico diferente', '-', 'mesma classe e mesmo campo semântico', 'mesma classe e campo semântico diferente', '-', 'mesma classe e campo semântico diferente', 'mesma classe e mesmo campo semântico', 'mesma classe e campo semântico diferente', 'mesma classe e campo semântico diferente', 'mesma classe e campo semântico diferente', 'mesma classe e campo semântico diferente', '-', 'mesma classe e mesmo campo semântico', 'mesma classe e campo semântico diferente', 'mesma classe e campo semântico diferente', 'mesma classe e campo semântico diferente', '-', 'mesma classe e campo semântico diferente', 'mesma classe e campo semântico diferente', 'mesma classe e campo semântico diferente', 'mesma classe e campo semântico diferente', '-', '-', 'mesma classe e campo semântico diferente', 'mesma classe e campo semântico diferente', '-', 'mesma classe e mesmo campo semântico', 'mesma classe e mesmo campo semântico']",08:07,08:21,"[1.0, 1.0, 1.0, 1.0, 1.0, 0.5, 0.5, 0.5, 0.0, 0.5, 0.5, 0.0, 0.5, 1.0, 0.5, 0.5, 0.5, 0.5, 0.0, 0.5, 1.0, 0.5, 0.5, 0.0, 0.5, 1.0, 0.5, 0.5, 0.0, 0.0, 0.5, 1.0, 0.0, 1.0, 1.0]","['aceitavel', 'aceitavel', 'aceitavel', 'aceitavel', 'aceitavel', 'classe_correta', 'classe_correta', 'classe_correta', 'erro', 'classe_correta', 'classe_correta', 'erro', 'classe_correta', 'aceitavel', 'classe_correta', 'classe_correta', 'classe_correta', 'classe_correta', 'erro', 'classe_correta', 'aceitavel', 'classe_correta', 'classe_correta', 'erro', 'classe_correta', 'aceitavel', 'classe_correta', 'classe_correta', 'erro', 'erro', 'classe_correta', 'grafia_incorreta', 'erro', 'aceitavel', 'exata']",1,1,9,17,7,0,55.714
EST_116,CODAP,8,A,O dia em que os jacarés invadiram a cidade,"['eram', 'jogaram', 'apertaram', 'machucassem', 'foi', '-', '-', 'passou', 'aumentava', 'ficaram', 'ficaram', 'era', 'estavam', '-', 'era', 'tinham', '-', 'aguentou', 'os', 'tomaram', '-', '-', '-', '-', '-', 'vendeu', 'tinham', '-', '-', 'com', 'machucassem', 'pegaram', 'jogaram', 'deram', 'foi']","['mesma classe e mesmo campo semântico', 'mesma classe e mesmo campo semântico', 'mesma classe e mesmo campo semântico', 'mesma classe e mesmo campo semântico', 'mesma classe e mesmo campo semântico', '-', '-', 'mesma classe e campo semântico diferente', 'mesma classe e campo semântico diferente', 'mesma classe e mesmo campo semântico', 'mesma classe e mesmo campo semântico', 'mesma classe e mesmo campo semântico', 'mesma classe e campo semântico diferente', '-', 'mesma classe e mesmo campo semântico', 'mesma classe e campo semântico diferente', '-', 'mesma classe e campo semântico diferente', '-', 'mesma classe e mesmo campo semântico', '-', '-', '-', '-', '-', 'mesma classe e mesmo campo semântico', 'mesma classe e campo semântico diferente', '-', '-', '-', 'mesma classe e mesmo campo semântico', 'mesma classe e mesmo campo semântico', 'mesma classe e mesmo campo semântico', 'mesma classe e mesmo campo semântico', 'mesma classe e mesmo campo semântico']",08:15,08:26,"[1.0, 1.0, 1.0, 1.0, 1.0, 0.0, 0.0, 0.5, 1.0, 1.0, 0.5, 1.0, 0.5, 0.0, 1.0, 0.5, 0.0, 0.5, 0.0, 0.5, 0.0, 0.0, 0.0, 0.0, 0.0, 0.5, 0.5, 0.0, 0.0, 0.0, 1.0, 1.0, 1.0, 1.0, 1.0]","['exata', 'aceitavel', 'aceitavel', 'exata', 'exata', 'branco', 'branco', 'classe_correta', 'exata', 'exata', 'classe_correta', 'exata', 'classe_correta', 'branco', 'aceitavel', 'classe_correta', 'branco', 'classe_correta', 'erro', 'classe_correta', 'branco', 'branco', 'branco', 'branco', 'branco', 'classe_correta', 'classe_correta', 'branco', 'branco', 'erro', 'exata', 'exata', 'aceitavel', 'aceitavel', 'exata']",9,0,5,8,2,11,51.429
EST_117,CODAP,8,B,O dia em que os jacarés invadiram a cidade,"['eram', 'jogaram', 'deram', 'machucassem', 'foi', 'perigosos', 'ferozes', 'multiplicaram', 'crecia', 'ficaram', 'descobriram', 'era', 'invadiram', 'atacaram', 'era', 'tinham', 'comiam', 'mudou', 'eram', 'comandavam', 'sobraram', 'devoraram', 'fizeram', 'mesma', 'criaram', 'venderam', 'perderam', 'atacavam', 'todos', 'tinham', 'machucasse', 'pegou', 'jogou', 'apertou', 'Foi']","['mesma classe e mesmo campo semântico', 'mesma classe e mesmo campo semântico', 'mesma classe e mesmo campo semântico', 'mesma classe e mesmo campo semântico', 'mesma classe e mesmo campo semântico', '-', '-', 'mesma classe e mesmo campo semântico', 'mesma classe e mesmo campo semântico', 'mesma classe e mesmo campo semântico', 'mesma classe e mesmo campo semântico', 'mesma classe e mesmo campo semântico', 'mesma classe e mesmo campo semântico', 'mesma classe e mesmo campo semântico', 'mesma classe e mesmo campo semântico', 'mesma classe e campo semântico diferente', 'mesma classe e mesmo campo semântico', 'mesma classe e campo semântico diferente', 'mesma classe e mesmo campo semântico', 'mesma classe e mesmo campo semântico', 'mesma classe e campo semântico diferente', 'mesma classe e mesmo campo semântico', 'mesma classe e campo semântico diferente', '-', 'mesma classe e mesmo campo semântico', 'mesma classe e mesmo campo semântico', 'mesma classe e mesmo campo semântico', 'mesma classe e campo semântico diferente', '-', '-', 'mesma classe e campo semântico diferente', 'mesma classe e mesmo campo semântico', 'mesma classe e mesmo campo semântico', 'mesma classe e mesmo campo semântico', 'mesma classe e mesmo campo semântico']",08:07,08:16,"[1.0, 1.0, 1.0, 1.0, 1.0, 0.0, 0.0, 1.0, 0.0, 1.0, 1.0, 1.0, 1.0, 1.0, 1.0, 0.5, 1.0, 1.0, 1.0, 1.0, 0.5, 1.0, 0.5, 0.0, 1.0, 1.0, 1.0, 0.5, 0.0, 1.0, 1.0, 0.5, 0.5, 1.0, 1.0]","['exata', 'aceitavel', 'aceitavel', 'exata', 'exata', 'erro', 'erro', 'aceitavel', 'erro', 'exata', 'aceitavel', 'exata', 'aceitavel', 'aceitavel', 'aceitavel', 'classe_correta', 'aceitavel', 'exata', 'exata', 'grafia_incorreta', 'classe_correta', 'exata', 'classe_correta', 'erro', 'aceitavel', 'exata', 'exata', 'classe_correta', 'erro', 'aceitavel', 'grafia_incorreta', 'classe_correta', 'classe_correta', 'aceitavel', 'exata']",11,2,11,6,5,0,77.143
EST_118,CODAP,8,B,O dia em que os jacarés invadiram a cidade,"['são', 'são', 'que', '-', 'ser', 'Feras', 'esta', 'que', 'Se', 'que', 'do', 'era', 'nas', 'que', 'se', 'São', 'ataca', 'e', 'os', 'esta', 'São', 'o', 'que', 'que', 'São', 'tem', 'e', 'São', 'aqueles', 'São', 'porque', 'que', 'que', 'nao', 'ne']","['mesma classe e mesmo campo semântico', 'mesma classe e campo semântico diferente', '-', '-', 'mesma classe e mesmo campo semântico', '-', 'mesma classe e campo semântico diferente', '-', '-', '-', '-', 'mesma classe e mesmo campo semântico', '-', '-', '-', 'mesma classe e campo semântico diferente', 'mesma classe e mesmo campo semântico', 'mesma classe e campo semântico diferente', '-', 'mesma classe e campo semântico diferente', 'mesma classe e campo semântico diferente', '-', '-', '-', 'mesma classe e campo semântico diferente', 'mesma classe e campo semântico diferente', 'mesma classe e campo semântico diferente', 'mesma classe e campo semântico diferente', '-', 'mesma classe e campo semântico diferente', '-', '-', '-', '-', '-']",08:07,08:09,"[1.0, 0.5, 0.0, 0.0, 0.5, 0.0, 0.0, 0.0, 0.0, 0.0, 0.0, 1.0, 0.0, 0.0, 0.0, 0.5, 0.5, 0.0, 0.0, 0.0, 0.5, 0.0, 0.0, 0.0, 0.5, 0.5, 0.0, 0.5, 0.0, 0.5, 0.0, 0.0, 0.0, 0.5, 0.5]","['aceitavel', 'classe_correta', 'erro', 'branco', 'classe_correta', 'erro', 'erro', 'erro', 'erro', 'erro', 'erro', 'exata', 'erro', 'erro', 'erro', 'classe_correta', 'classe_correta', 'erro', 'erro', 'erro', 'classe_correta', 'erro', 'erro', 'erro', 'classe_correta', 'classe_correta', 'erro', 'classe_correta', 'erro', 'classe_correta', 'erro', 'erro', 'erro', 'classe_correta', 'classe_correta']",1,0,1,11,21,1,21.429
EST_119,CODAP,8,A,O dia em que os jacarés invadiram a cidade,"['são', 'que', 'estam', 'machuque', 'é', 'estam', 'elu', 'que', 'é', 'os', 'chegaram', 'estava', 'apareceram', 'mas', 'jacarés', 'que', 'modificaram', 'mudança', 'os', 'estam', 'estranhos', 'é', 'humana', 'que', 'são', 'usam', 'foram', 'mais', 'os', 'tem', 'vivem', 'que', 'jacarés', 'que', 'é']","['mesma classe e mesmo campo semântico', '-', '-', 'mesma classe e mesmo campo semântico', 'mesma classe e mesmo campo semântico', 'mesma classe e campo semântico diferente', '-', '-', 'mesma classe e campo semântico diferente', '-', 'mesma classe e campo semântico diferente', 'mesma classe e mesmo campo semântico', 'mesma classe e campo semântico diferente', '-', '-', '-', 'mesma classe e campo semântico diferente', '-', '-', 'mesma classe e campo semântico diferente', '-', 'mesma classe e campo semântico diferente', '-', '-', 'mesma classe e campo semântico diferente', 'mesma classe e campo semântico diferente', 'mesma classe e campo semântico diferente', '-', '-', 'mesma classe e campo semântico diferente', 'mesma classe e campo semântico diferente', '-', '-', '-', 'mesma classe e mesmo campo semântico']",08:15,08:31,"[1.0, 0.0, 0.5, 1.0, 1.0, 0.5, 0.0, 0.0, 0.5, 0.0, 1.0, 1.0, 0.5, 0.0, 0.0, 0.0, 0.5, 0.5, 0.0, 0.5, 0.0, 0.5, 0.0, 0.0, 0.5, 0.5, 0.5, 0.0, 0.0, 0.5, 0.5, 0.0, 0.0, 0.0, 1.0]","['aceitavel', 'erro', 'classe_correta', 'aceitavel', 'aceitavel', 'classe_correta', 'erro', 'erro', 'classe_correta', 'erro', 'aceitavel', 'aceitavel', 'classe_correta', 'erro', 'erro', 'erro', 'classe_correta', 'classe_correta', 'erro', 'classe_correta', 'erro', 'classe_correta', 'erro', 'erro', 'classe_correta', 'classe_correta', 'classe_correta', 'erro', 'erro', 'classe_correta', 'classe_correta', 'erro', 'erro', 'erro', 'aceitavel']",0,0,6,13,16,0,35.714
EST_120,CODAP,8,A,O dia em que os jacarés invadiram a cidade,"['eram', 'viram', 'deram', 'machucassem', 'aconteceu', 'minúsculos', 'ferozes', 'iniciou', 'cresceu', 'eram', 'perceberam', 'era', 'andavam', 'assustava', 'era', 'roubavam', 'existiam', 'conseguisse', 'os', 'habitavam', 'morreram', 'viraram', 'criaram', 'diversa', 'criaram', 'deram', 'tinham', 'começaram', 'atacar', 'tinham', 'assustasem', 'colocaram', 'colocavam', 'deram', 'foi']","['mesma classe e mesmo campo semântico', 'mesma classe e campo semântico diferente', 'mesma classe e mesmo campo semântico', 'mesma classe e mesmo campo semântico', 'mesma classe e mesmo campo semântico', '-', '-', 'mesma classe e campo semântico diferente', 'mesma classe e mesmo campo semântico', 'mesma classe e mesmo campo semântico', 'mesma classe e mesmo campo semântico', 'mesma classe e mesmo campo semântico', 'mesma classe e campo semântico diferente', 'mesma classe e campo semântico diferente', 'mesma classe e mesmo campo semântico', 'mesma classe e campo semântico diferente', 'mesma classe e campo semântico diferente', 'mesma classe e campo semântico diferente', '-', 'mesma classe e campo semântico diferente', 'mesma classe e campo semântico diferente', 'mesma classe e campo semântico diferente', 'mesma classe e campo semântico diferente', '-', 'mesma classe e mesmo campo semântico', 'mesma classe e campo semântico diferente', 'mesma classe e campo semântico diferente', 'mesma classe e mesmo campo semântico', 'mesma classe e mesmo campo semântico', 'mesma classe e mesmo campo semântico', 'mesma classe e campo semântico diferente', 'mesma classe e campo semântico diferente', 'mesma classe e mesmo campo semântico', 'mesma classe e mesmo campo semântico', 'mesma classe e mesmo campo semântico']",08:15,08:37,"[1.0, 0.5, 1.0, 1.0, 1.0, 0.0, 0.0, 0.5, 0.5, 1.0, 1.0, 1.0, 0.5, 0.5, 1.0, 0.5, 0.5, 0.5, 0.0, 1.0, 1.0, 0.5, 0.5, 0.0, 1.0, 1.0, 0.5, 1.0, 1.0, 1.0, 0.5, 1.0, 0.5, 1.0, 1.0]","['exata', 'classe_correta', 'aceitavel', 'exata', 'aceitavel', 'erro', 'erro', 'classe_correta', 'classe_correta', 'aceitavel', 'aceitavel', 'exata', 'classe_correta', 'classe_correta', 'aceitavel', 'classe_correta', 'classe_correta', 'classe_correta', 'erro', 'aceitavel', 'aceitavel', 'classe_correta', 'classe_correta', 'erro', 'aceitavel', 'aceitavel', 'classe_correta', 'exata', 'aceitavel', 'aceitavel', 'classe_correta', 'aceitavel', 'classe_correta', 'aceitavel', 'exata']",5,0,13,13,4,0,70.0
EST_121,CODAP,8,B,O dia em que os jacarés invadiram a cidade,"['eram', 'colocaram', 'deram', 'machucasem', 'por', 'apareseram', 'pararam', 'ficaram', 'almentaram', 'ficaram', 'perseberam', 'era', 'apareseram', 'destruiram', 'era', 'sabiam', 'moreram', 'suprotou', 'os', 'tomaram', 'fugiram', 'pegaram', 'para', 'suas', 'fizeram', 'colocou', 'prederam', 'machucaram', 'mão', 'com', 'machucasem', 'pegaram', 'colocaram', 'deram', 'por']","['mesma classe e mesmo campo semântico', 'mesma classe e mesmo campo semântico', 'mesma classe e mesmo campo semântico', 'mesma classe e mesmo campo semântico', 'mesma classe e mesmo campo semântico', 'mesma classe e campo semântico diferente', 'mesma classe e campo semântico diferente', 'mesma classe e campo semântico diferente', 'mesma classe e mesmo campo semântico', 'mesma classe e mesmo campo semântico', 'mesma classe e mesmo campo semântico', 'mesma classe e mesmo campo semântico', 'mesma classe e mesmo campo semântico', 'mesma classe e mesmo campo semântico', 'mesma classe e mesmo campo semântico', 'mesma classe e campo semântico diferente', 'mesma classe e campo semântico diferente', 'mesma classe e campo semântico diferente', '-', 'mesma classe e mesmo campo semântico', 'mesma classe e campo semântico diferente', 'mesma classe e mesmo campo semântico', '-', '-', 'mesma classe e mesmo campo semântico', 'mesma classe e campo semântico diferente', 'mesma classe e mesmo campo semântico', 'mesma classe e campo semântico diferente', '-', '-', 'mesma classe e mesmo campo semântico', 'mesma classe e mesmo campo semântico', 'mesma classe e mesmo campo semântico', 'mesma classe e mesmo campo semântico', '-']",08:07,08:23,"[1.0, 0.5, 1.0, 1.0, 0.0, 0.0, 1.0, 0.5, 1.0, 1.0, 0.5, 1.0, 0.5, 1.0, 1.0, 0.5, 0.5, 0.5, 0.0, 0.5, 1.0, 1.0, 0.0, 0.0, 1.0, 0.5, 1.0, 0.5, 0.0, 0.0, 1.0, 1.0, 0.5, 1.0, 0.0]","['exata', 'classe_correta', 'aceitavel', 'grafia_incorreta', 'erro', 'erro', 'grafia_incorreta', 'classe_correta', 'grafia_incorreta', 'exata', 'classe_correta', 'exata', 'classe_correta', 'aceitavel', 'aceitavel', 'classe_correta', 'classe_correta', 'classe_correta', 'erro', 'classe_correta', 'aceitavel', 'aceitavel', 'erro', 'erro', 'aceitavel', 'classe_correta', 'grafia_incorreta', 'classe_correta', 'erro', 'erro', 'grafia_incorreta', 'exata', 'classe_correta', 'aceitavel', 'erro']",4,5,7,11,8,0,61.429
EST_122,CODAP,8,B,O dia em que os jacarés invadiram a cidade,"['eram', 'jogavam', 'davam', 'machucarem', 'foi', 'invadiram', 'tomaram', 'reprodusindo', 'crecia', 'ficaram', 'chegaram', 'era', 'estavam', 'assustando', 'era', 'tinha', 'comiham', 'aguetol', 'os', 'estavam', 'morreram', 'comeram', 'começol', 'faze', 'tinham', 'usavam', 'eram', 'com ', 'ferocidade', 'com', 'machucarem', 'jogaram', 'potes', 'deram', 'foi']","['mesma classe e mesmo campo semântico', 'mesma classe e mesmo campo semântico', 'mesma classe e mesmo campo semântico', 'mesma classe e mesmo campo semântico', 'mesma classe e mesmo campo semântico', 'mesma classe e campo semântico diferente', 'mesma classe e campo semântico diferente', 'mesma classe e mesmo campo semântico', 'mesma classe e mesmo campo semântico', 'mesma classe e mesmo campo semântico', 'mesma classe e campo semântico diferente', 'mesma classe e mesmo campo semântico', 'mesma classe e campo semântico diferente', 'mesma classe e campo semântico diferente', 'mesma classe e mesmo campo semântico', 'mesma classe e campo semântico diferente', 'mesma classe e mesmo campo semântico', 'mesma classe e campo semântico diferente', '-', 'mesma classe e campo semântico diferente', 'mesma classe e campo semântico diferente', 'mesma classe e mesmo campo semântico', 'mesma classe e campo semântico diferente', 'mesma classe e mesmo campo semântico', 'mesma classe e campo semântico diferente', 'mesma classe e campo semântico diferente', 'mesma classe e campo semântico diferente', '-', '-', '-', 'mesma classe e mesmo campo semântico', 'mesma classe e campo semântico diferente', '-', 'mesma classe e mesmo campo semântico', 'mesma classe e mesmo campo semântico']",08:07,08:18,"[1.0, 0.5, 0.5, 1.0, 1.0, 0.5, 1.0, 1.0, 0.0, 1.0, 1.0, 1.0, 0.5, 0.5, 1.0, 0.5, 0.5, 0.5, 0.0, 0.5, 1.0, 1.0, 0.5, 1.0, 0.5, 0.5, 0.5, 0.0, 0.0, 0.0, 1.0, 1.0, 0.0, 1.0, 1.0]","['exata', 'classe_correta', 'classe_correta', 'grafia_incorreta', 'exata', 'classe_correta', 'grafia_incorreta', 'grafia_incorreta', 'erro', 'exata', 'aceitavel', 'exata', 'classe_correta', 'classe_correta', 'aceitavel', 'classe_correta', 'classe_correta', 'classe_correta', 'erro', 'classe_correta', 'aceitavel', 'aceitavel', 'classe_correta', 'grafia_incorreta', 'classe_correta', 'classe_correta', 'classe_correta', 'erro', 'erro', 'erro', 'grafia_incorreta', 'grafia_incorreta', 'erro', 'aceitavel', 'exata']",5,6,5,13,6,0,64.286
EST_123,CODAP,8,B,O dia em que os jacarés invadiram a cidade,"['erão', 'jogarão', 'derão', 'machucasen', 'foi', '-', '-', '-', '-', '-', 'chegarão', 'era', 'andavão', 'já', 'como', 'consiguiran', '-', 'era', 'os', '-', 'pegarãn', 'todos', 'forem', '-', '-', '-', '-', '-', '-', '-', '-', '-', '-', '-', '-']","['mesma classe e mesmo campo semântico', 'mesma classe e mesmo campo semântico', 'mesma classe e mesmo campo semântico', 'mesma classe e mesmo campo semântico', 'mesma classe e mesmo campo semântico', '-', '-', '-', '-', '-', 'mesma classe e campo semântico diferente', 'mesma classe e mesmo campo semântico', 'mesma classe e campo semântico diferente', '-', '-', 'mesma classe e campo semântico diferente', '-', 'mesma classe e campo semântico diferente', '-', '-', 'mesma classe e campo semântico diferente', '-', 'mesma classe e campo semântico diferente', '-', '-', '-', '-', '-', '-', '-', '-', '-', '-', '-', '-']",08:07,08:15,"[0.5, 0.5, 0.5, 1.0, 1.0, 0.0, 0.0, 0.0, 0.0, 0.0, 0.5, 1.0, 0.0, 0.0, 0.0, 0.5, 0.0, 0.5, 0.0, 0.0, 0.5, 0.0, 0.5, 0.0, 0.0, 0.0, 0.0, 0.0, 0.0, 0.0, 0.0, 0.0, 0.0, 0.0, 0.0]","['classe_correta', 'classe_correta', 'classe_correta', 'grafia_incorreta', 'exata', 'branco', 'branco', 'branco', 'branco', 'branco', 'classe_correta', 'exata', 'erro', 'erro', 'erro', 'classe_correta', 'branco', 'classe_correta', 'erro', 'branco', 'classe_correta', 'erro', 'classe_correta', 'branco', 'branco', 'branco', 'branco', 'branco', 'branco', 'branco', 'branco', 'branco', 'branco', 'branco', 'branco']",2,1,0,8,5,19,20.0
EST_124,CODAP,8,B,O dia em que os jacarés invadiram a cidade,"['eram', 'são', 'desceu', 'afoguem', 'cometi', 'gigantes', 'comelões', 'espalharam', 'aumentam', 'são', 'chegam', 'era', 'vagando', 'atacando', 'era', 'tinham', 'correm', 'aguentasse', 'os', 'habitam', 'fugiram', 'cercavam', 'dna', 'jacarés', 'colocaram', 'homens', 'aguentaram', 'mataram', 'força', 'com', 'matassem', 'fugiram', 'jacarés', 'desceram', 'foi']","['mesma classe e mesmo campo semântico', 'mesma classe e campo semântico diferente', 'mesma classe e mesmo campo semântico', '-', 'mesma classe e campo semântico diferente', '-', '-', 'mesma classe e mesmo campo semântico', 'mesma classe e mesmo campo semântico', 'mesma classe e mesmo campo semântico', 'mesma classe e campo semântico diferente', 'mesma classe e mesmo campo semântico', 'mesma classe e campo semântico diferente', 'mesma classe e mesmo campo semântico', 'mesma classe e mesmo campo semântico', 'mesma classe e campo semântico diferente', 'mesma classe e campo semântico diferente', 'mesma classe e campo semântico diferente', '-', 'mesma classe e mesmo campo semântico', 'mesma classe e campo semântico diferente', 'mesma classe e campo semântico diferente', '-', '-', 'mesma classe e campo semântico diferente', '-', 'mesma classe e campo semântico diferente', 'mesma classe e campo semântico diferente', '-', '-', 'mesma classe e campo semântico diferente', 'mesma classe e campo semântico diferente', '-', 'mesma classe e campo semântico diferente', 'mesma classe e mesmo campo semântico']",08:07,08:09,"[1.0, 0.5, 0.5, 0.5, 0.5, 0.0, 0.0, 1.0, 1.0, 0.5, 0.5, 1.0, 0.5, 0.5, 1.0, 0.5, 0.5, 0.5, 0.0, 1.0, 1.0, 0.5, 0.0, 0.0, 1.0, 0.0, 0.5, 0.5, 0.0, 0.0, 1.0, 0.5, 0.0, 1.0, 1.0]","['exata', 'classe_correta', 'classe_correta', 'classe_correta', 'classe_correta', 'erro', 'erro', 'aceitavel', 'grafia_incorreta', 'classe_correta', 'classe_correta', 'exata', 'classe_correta', 'classe_correta', 'aceitavel', 'classe_correta', 'classe_correta', 'classe_correta', 'erro', 'aceitavel', 'aceitavel', 'classe_correta', 'erro', 'erro', 'aceitavel', 'erro', 'classe_correta', 'classe_correta', 'erro', 'erro', 'aceitavel', 'classe_correta', 'erro', 'aceitavel', 'exata']",3,1,7,15,9,0,52.857
EST_125,CODAP,8,B,O dia em que os jacarés invadiram a cidade,"['eram', 'colocavam', 'davam', 'machucar', 'era', 'ferozes', 'famintos', 'aconteceu', 'mudava', 'eram', 'agiram', 'era', 'dominavam', 'atavam', 'era', 'tinham', 'criaram', 'aguentava', 'os', 'dominavam', 'falavam', 'existem', 'fizeram', 'pior', 'criaram', 'colavam', 'tinham', 'por', 'matavam', 'com', 'machucasem', 'atacaram', 'jogaram', 'deram', 'Era']","['mesma classe e mesmo campo semântico', 'mesma classe e mesmo campo semântico', 'mesma classe e mesmo campo semântico', 'mesma classe e mesmo campo semântico', 'mesma classe e mesmo campo semântico', '-', '-', 'mesma classe e campo semântico diferente', 'mesma classe e mesmo campo semântico', 'mesma classe e mesmo campo semântico', 'mesma classe e campo semântico diferente', 'mesma classe e mesmo campo semântico', 'mesma classe e mesmo campo semântico', 'mesma classe e mesmo campo semântico', 'mesma classe e mesmo campo semântico', 'mesma classe e campo semântico diferente', 'mesma classe e campo semântico diferente', 'mesma classe e campo semântico diferente', '-', 'mesma classe e mesmo campo semântico', 'mesma classe e campo semântico diferente', 'mesma classe e campo semântico diferente', 'mesma classe e campo semântico diferente', '-', 'mesma classe e mesmo campo semântico', 'mesma classe e campo semântico diferente', 'mesma classe e campo semântico diferente', '-', '-', '-', 'mesma classe e mesmo campo semântico', 'mesma classe e campo semântico diferente', 'mesma classe e mesmo campo semântico', 'mesma classe e mesmo campo semântico', 'mesma classe e mesmo campo semântico']",08:07,08:15,"[1.0, 0.5, 0.5, 1.0, 1.0, 0.0, 0.0, 0.5, 1.0, 1.0, 1.0, 1.0, 0.5, 0.5, 1.0, 0.5, 0.5, 0.5, 0.0, 1.0, 0.5, 0.5, 0.5, 0.0, 1.0, 0.5, 0.5, 0.0, 1.0, 0.0, 1.0, 0.5, 1.0, 1.0, 1.0]","['exata', 'classe_correta', 'classe_correta', 'aceitavel', 'aceitavel', 'erro', 'erro', 'classe_correta', 'aceitavel', 'aceitavel', 'aceitavel', 'exata', 'classe_correta', 'classe_correta', 'aceitavel', 'classe_correta', 'classe_correta', 'classe_correta', 'erro', 'exata', 'classe_correta', 'classe_correta', 'classe_correta', 'erro', 'aceitavel', 'classe_correta', 'classe_correta', 'erro', 'aceitavel', 'erro', 'grafia_incorreta', 'classe_correta', 'aceitavel', 'aceitavel', 'aceitavel']",3,1,11,14,6,0,62.857
EST_126,CODAP,8,A,O dia em que os jacarés invadiram a cidade,"['são', 'poe', 'da', 'machuquem', 'é', 'aparecem', 'encontrado', 'reproduzem', 'muda', 'é', 'acham', 'é', 'pelas', 'ataca', 'é', 'são', 'morreram', 'é', 'os', 'alcita', 'morreram', 'é', 'fizeram', 'a', 'foram', 'fizeram', 'pegou', 'eles', 'a', 'tem', 'percam', 'que', 'botam', 'dão', 'é']","['mesma classe e mesmo campo semântico', 'mesma classe e campo semântico diferente', 'mesma classe e mesmo campo semântico', 'mesma classe e mesmo campo semântico', 'mesma classe e mesmo campo semântico', 'mesma classe e campo semântico diferente', '-', 'mesma classe e mesmo campo semântico', 'mesma classe e mesmo campo semântico', 'mesma classe e mesmo campo semântico', 'mesma classe e campo semântico diferente', 'mesma classe e mesmo campo semântico', '-', 'mesma classe e mesmo campo semântico', 'mesma classe e mesmo campo semântico', 'mesma classe e campo semântico diferente', 'mesma classe e campo semântico diferente', 'mesma classe e campo semântico diferente', '-', '-', 'mesma classe e campo semântico diferente', 'mesma classe e campo semântico diferente', 'mesma classe e campo semântico diferente', '-', 'mesma classe e campo semântico diferente', 'mesma classe e campo semântico diferente', 'mesma classe e campo semântico diferente', '-', '-', 'mesma classe e mesmo campo semântico', 'mesma classe e campo semântico diferente', '-', 'mesma classe e mesmo campo semântico', 'mesma classe e mesmo campo semântico', 'mesma classe e mesmo campo semântico']",08:15,08:31,"[1.0, 0.0, 0.0, 1.0, 1.0, 0.5, 0.5, 1.0, 0.5, 0.5, 0.5, 1.0, 0.0, 0.5, 1.0, 0.5, 0.5, 0.5, 0.0, 0.5, 1.0, 0.5, 0.5, 0.0, 0.5, 0.5, 0.5, 0.0, 0.0, 0.5, 1.0, 0.0, 0.5, 0.5, 1.0]","['aceitavel', 'erro', 'erro', 'aceitavel', 'aceitavel', 'classe_correta', 'classe_correta', 'grafia_incorreta', 'classe_correta', 'classe_correta', 'classe_correta', 'aceitavel', 'erro', 'classe_correta', 'aceitavel', 'classe_correta', 'classe_correta', 'classe_correta', 'erro', 'classe_correta', 'aceitavel', 'classe_correta', 'classe_correta', 'erro', 'classe_correta', 'classe_correta', 'classe_correta', 'erro', 'erro', 'classe_correta', 'aceitavel', 'erro', 'classe_correta', 'classe_correta', 'aceitavel']",0,1,8,18,8,0,51.429
EST_127,CODAP,8,A,O dia em que os jacarés invadiram a cidade,"['são', 'que', 'dão', 'perderem', 'que', 'morem', 'desaparesem', 'espalhando', 'ficando', 'estão', 'mortas', 'é', 'nas', 'devorando', 'é', 'tem', 'morem', 'aguenta', 'os', 'destruiram', 'correm', 'matam', 'que', 'abilidade', 'estão', 'jacarés', 'mostram', 'que', 'que', 'tem', 'percam', 'jogam', 'humanos', 'dão', 'é']","['mesma classe e mesmo campo semântico', '-', 'mesma classe e mesmo campo semântico', 'mesma classe e mesmo campo semântico', '-', 'mesma classe e campo semântico diferente', 'mesma classe e campo semântico diferente', 'mesma classe e mesmo campo semântico', 'mesma classe e mesmo campo semântico', 'mesma classe e mesmo campo semântico', '-', 'mesma classe e mesmo campo semântico', '-', 'mesma classe e mesmo campo semântico', 'mesma classe e mesmo campo semântico', 'mesma classe e campo semântico diferente', 'mesma classe e campo semântico diferente', 'mesma classe e campo semântico diferente', '-', 'mesma classe e campo semântico diferente', 'mesma classe e campo semântico diferente', 'mesma classe e campo semântico diferente', '-', '-', 'mesma classe e campo semântico diferente', '-', 'mesma classe e campo semântico diferente', '-', '-', 'mesma classe e mesmo campo semântico', 'mesma classe e campo semântico diferente', 'mesma classe e campo semântico diferente', '-', 'mesma classe e mesmo campo semântico', 'mesma classe e mesmo campo semântico']",08:15,08:33,"[1.0, 0.0, 0.5, 0.5, 0.0, 0.5, 0.5, 0.5, 0.5, 0.5, 0.5, 1.0, 0.0, 1.0, 1.0, 0.5, 0.5, 0.5, 0.0, 0.5, 0.5, 0.5, 0.0, 0.0, 0.5, 0.0, 0.5, 0.0, 0.0, 0.5, 1.0, 0.5, 0.0, 0.5, 1.0]","['aceitavel', 'erro', 'classe_correta', 'classe_correta', 'erro', 'classe_correta', 'classe_correta', 'classe_correta', 'classe_correta', 'classe_correta', 'classe_correta', 'aceitavel', 'erro', 'aceitavel', 'aceitavel', 'classe_correta', 'classe_correta', 'classe_correta', 'erro', 'classe_correta', 'classe_correta', 'classe_correta', 'erro', 'erro', 'classe_correta', 'erro', 'classe_correta', 'erro', 'erro', 'classe_correta', 'aceitavel', 'classe_correta', 'erro', 'classe_correta', 'aceitavel']",0,0,6,19,10,0,44.286
EST_128,CODAP,8,A,O dia em que os jacarés invadiram a cidade,"['são', 'só', 'sobre', 'machuquem', 'em', 'caem', 'ficam', 'criando', 'maior', 'são', 'pecebem', 'é', 'ja', 'assusta', 'são', 'ferozes', 'medo', 'agente', 'os', 'dominam', 'mortos', '-', '-', '-', 'estão', 'puxes', 'tem', '-', '-', '-', '-', '-', '-', '-', '-']","['mesma classe e mesmo campo semântico', '-', '-', 'mesma classe e mesmo campo semântico', '-', 'mesma classe e campo semântico diferente', 'mesma classe e campo semântico diferente', 'mesma classe e campo semântico diferente', '-', 'mesma classe e mesmo campo semântico', 'mesma classe e mesmo campo semântico', 'mesma classe e mesmo campo semântico', '-', 'mesma classe e campo semântico diferente', 'mesma classe e mesmo campo semântico', '-', '-', '-', '-', 'mesma classe e mesmo campo semântico', '-', '-', '-', '-', 'mesma classe e campo semântico diferente', 'mesma classe e campo semântico diferente', 'mesma classe e campo semântico diferente', '-', '-', '-', '-', '-', '-', '-', '-']",08:15,08:32,"[1.0, 0.0, 0.0, 1.0, 0.0, 0.5, 0.5, 0.5, 0.0, 0.5, 0.0, 1.0, 0.0, 0.5, 0.5, 0.0, 0.0, 0.0, 0.0, 1.0, 1.0, 0.0, 0.0, 0.0, 0.5, 0.0, 0.5, 0.0, 0.0, 0.0, 0.0, 0.0, 0.0, 0.0, 0.0]","['aceitavel', 'erro', 'erro', 'aceitavel', 'erro', 'classe_correta', 'classe_correta', 'classe_correta', 'erro', 'classe_correta', 'erro', 'aceitavel', 'erro', 'classe_correta', 'classe_correta', 'erro', 'erro', 'erro', 'erro', 'grafia_incorreta', 'aceitavel', 'branco', 'branco', 'branco', 'classe_correta', 'erro', 'classe_correta', 'branco', 'branco', 'branco', 'branco', 'branco', 'branco', 'branco', 'branco']",0,1,4,8,11,11,25.714
EST_129,CODAP,8,A,O dia em que os jacarés invadiram a cidade,"['viraram', 'jogaram', 'davam', 'machuquem', '-', '-', '-', '-', 'aumentou', 'ficaram', 'perceberam', 'era', 'aparecerão', 'atacarão', 'é', '-', '-', '-', '-', '-', '-', '-', '-', '-', '-', '-', '-', '-', '-', '-', '-', '-', '-', '-', '-']","['mesma classe e campo semântico diferente', 'mesma classe e mesmo campo semântico', 'mesma classe e mesmo campo semântico', 'mesma classe e mesmo campo semântico', '-', '-', '-', '-', 'mesma classe e mesmo campo semântico', 'mesma classe e mesmo campo semântico', 'mesma classe e campo semântico diferente', 'mesma classe e mesmo campo semântico', 'mesma classe e campo semântico diferente', 'mesma classe e mesmo campo semântico', 'mesma classe e mesmo campo semântico', '-', '-', '-', '-', '-', '-', '-', '-', '-', '-', '-', '-', '-', '-', '-', '-', '-', '-', '-', '-']",08:15,08:27,"[0.5, 1.0, 0.5, 1.0, 0.0, 0.0, 0.0, 0.0, 1.0, 1.0, 1.0, 1.0, 0.5, 1.0, 1.0, 0.0, 0.0, 0.0, 0.0, 0.0, 0.0, 0.0, 0.0, 0.0, 0.0, 0.0, 0.0, 0.0, 0.0, 0.0, 0.0, 0.0, 0.0, 0.0, 0.0]","['classe_correta', 'aceitavel', 'classe_correta', 'aceitavel', 'branco', 'branco', 'branco', 'branco', 'aceitavel', 'exata', 'aceitavel', 'exata', 'classe_correta', 'aceitavel', 'aceitavel', 'branco', 'branco', 'branco', 'branco', 'branco', 'branco', 'branco', 'branco', 'branco', 'branco', 'branco', 'branco', 'branco', 'branco', 'branco', 'branco', 'branco', 'branco', 'branco', 'branco']",2,0,6,3,0,24,27.143
EST_130,CODAP,8,A,O dia em que os jacarés invadiram a cidade,"['são', 'e', 'um', 'veja', 'ter', 'mais', 'tem', 'pode', 'um', 'a', 'viu', 'era', 'estavam', 'dezimo', 'mais', 'perigosos', 'doido', 'vai', 'muitos', 'estavam', 'fortes', 'mataram', 'inteligente', 'esperto', 'foram', 'poderes', 'feroz', 'perigo', 'bravura', 'com', 'matem', 'matam', 'comem', 'depois', 'faz']","['mesma classe e mesmo campo semântico', '-', '-', 'mesma classe e campo semântico diferente', 'mesma classe e campo semântico diferente', '-', 'mesma classe e campo semântico diferente', 'mesma classe e campo semântico diferente', '-', '-', 'mesma classe e campo semântico diferente', 'mesma classe e mesmo campo semântico', 'mesma classe e campo semântico diferente', 'mesma classe e mesmo campo semântico', '-', '-', '-', 'mesma classe e campo semântico diferente', '-', 'mesma classe e campo semântico diferente', '-', 'mesma classe e campo semântico diferente', '-', '-', 'mesma classe e campo semântico diferente', '-', '-', '-', '-', '-', 'mesma classe e campo semântico diferente', 'mesma classe e campo semântico diferente', 'mesma classe e mesmo campo semântico', '-', 'mesma classe e mesmo campo semântico']",08:15,08:24,"[1.0, 0.0, 0.0, 0.5, 0.5, 0.0, 0.5, 0.5, 0.0, 0.0, 0.5, 1.0, 0.5, 0.5, 0.0, 0.0, 0.5, 0.5, 0.0, 0.5, 0.0, 0.5, 0.0, 0.0, 0.5, 0.0, 0.0, 0.0, 0.0, 0.0, 0.5, 0.5, 0.5, 0.0, 1.0]","['aceitavel', 'erro', 'erro', 'classe_correta', 'classe_correta', 'erro', 'classe_correta', 'classe_correta', 'erro', 'erro', 'classe_correta', 'exata', 'classe_correta', 'classe_correta', 'erro', 'erro', 'classe_correta', 'classe_correta', 'erro', 'classe_correta', 'erro', 'classe_correta', 'erro', 'erro', 'classe_correta', 'erro', 'erro', 'erro', 'erro', 'erro', 'classe_correta', 'classe_correta', 'classe_correta', 'erro', 'aceitavel']",1,0,2,15,17,0,30.0
EST_131,CODAP,8,B,O dia em que os jacarés invadiram a cidade,"['são', 'jogaram', 'deram', 'machuquem', 'foi', 'ferozes', 'grandes', 'foi', 'dobravam', 'tinham', 'agirão', 'foi', 'estavam', 'atacou', 'é', 'tem', 'ferozes', 'ajudou', 'os', 'ivadiram', 'deram', 'eram', 'produziram', 'suas', 'foram', 'são', 'tem', 'agilidade', '-', 'tem', 'machuquem', 'eram', 'jogaram', 'deram', 'foi']","['mesma classe e mesmo campo semântico', 'mesma classe e mesmo campo semântico', 'mesma classe e mesmo campo semântico', 'mesma classe e mesmo campo semântico', 'mesma classe e mesmo campo semântico', '-', '-', 'mesma classe e campo semântico diferente', 'mesma classe e mesmo campo semântico', 'mesma classe e mesmo campo semântico', 'mesma classe e campo semântico diferente', 'mesma classe e mesmo campo semântico', 'mesma classe e campo semântico diferente', 'mesma classe e mesmo campo semântico', 'mesma classe e mesmo campo semântico', 'mesma classe e campo semântico diferente', '-', 'mesma classe e campo semântico diferente', '-', 'mesma classe e mesmo campo semântico', 'mesma classe e campo semântico diferente', 'mesma classe e campo semântico diferente', 'mesma classe e campo semântico diferente', '-', 'mesma classe e campo semântico diferente', 'mesma classe e campo semântico diferente', 'mesma classe e campo semântico diferente', '-', '-', 'mesma classe e mesmo campo semântico', 'mesma classe e mesmo campo semântico', 'mesma classe e campo semântico diferente', 'mesma classe e mesmo campo semântico', 'mesma classe e mesmo campo semântico', 'mesma classe e mesmo campo semântico']",08:07,08:28,"[1.0, 1.0, 1.0, 1.0, 1.0, 0.0, 0.0, 0.5, 1.0, 0.5, 0.5, 1.0, 0.5, 0.5, 1.0, 0.5, 0.0, 1.0, 0.0, 0.5, 0.5, 0.5, 0.5, 0.0, 0.5, 0.5, 0.5, 0.0, 0.0, 0.5, 1.0, 0.5, 1.0, 1.0, 1.0]","['aceitavel', 'aceitavel', 'aceitavel', 'aceitavel', 'exata', 'erro', 'erro', 'classe_correta', 'aceitavel', 'classe_correta', 'classe_correta', 'aceitavel', 'classe_correta', 'classe_correta', 'aceitavel', 'classe_correta', 'erro', 'grafia_incorreta', 'erro', 'classe_correta', 'classe_correta', 'classe_correta', 'classe_correta', 'erro', 'classe_correta', 'classe_correta', 'classe_correta', 'erro', 'branco', 'classe_correta', 'aceitavel', 'classe_correta', 'aceitavel', 'aceitavel', 'exata']",2,1,10,15,6,1,58.571
EST_132,CODAP,8,B,O dia em que os jacarés invadiram a cidade,"['são', 'jogaram', 'apertaram', 'machucassem', 'foi', 'Ferozes', 'forte', 'repitiu', 'mudavam', 'ficaram', 'soube', 'era', 'foram', 'comeu', 'do', 'normais', 'morreram', 'aguentasse', 'os', 'dominaram', 'sobreviveram', 'comeram', 'absorveram', 'sua', 'fizeram', 'colocaram', 'herdou', 'quebraram', 'casa', 'com', 'machucassem', 'pegaram', 'jogaram', 'apertaram', 'foi']","['mesma classe e mesmo campo semântico', 'mesma classe e mesmo campo semântico', 'mesma classe e mesmo campo semântico', 'mesma classe e mesmo campo semântico', 'mesma classe e mesmo campo semântico', '-', '-', 'mesma classe e campo semântico diferente', 'mesma classe e mesmo campo semântico', 'mesma classe e mesmo campo semântico', 'mesma classe e mesmo campo semântico', 'mesma classe e mesmo campo semântico', 'mesma classe e campo semântico diferente', 'mesma classe e mesmo campo semântico', '-', '-', 'mesma classe e campo semântico diferente', 'mesma classe e campo semântico diferente', '-', 'mesma classe e mesmo campo semântico', 'mesma classe e mesmo campo semântico', 'mesma classe e mesmo campo semântico', 'mesma classe e campo semântico diferente', '-', 'mesma classe e mesmo campo semântico', 'mesma classe e campo semântico diferente', 'mesma classe e campo semântico diferente', 'mesma classe e campo semântico diferente', '-', '-', 'mesma classe e mesmo campo semântico', 'mesma classe e mesmo campo semântico', 'mesma classe e mesmo campo semântico', 'mesma classe e mesmo campo semântico', 'mesma classe e mesmo campo semântico']",08:07,08:22,"[1.0, 1.0, 1.0, 1.0, 1.0, 0.0, 0.0, 0.5, 1.0, 1.0, 0.5, 1.0, 0.5, 1.0, 0.0, 0.0, 0.5, 0.5, 0.0, 1.0, 1.0, 1.0, 0.5, 0.0, 1.0, 1.0, 0.5, 0.5, 0.0, 0.0, 1.0, 1.0, 1.0, 1.0, 1.0]","['aceitavel', 'aceitavel', 'aceitavel', 'exata', 'exata', 'erro', 'erro', 'classe_correta', 'aceitavel', 'exata', 'classe_correta', 'exata', 'classe_correta', 'aceitavel', 'erro', 'erro', 'classe_correta', 'classe_correta', 'erro', 'grafia_incorreta', 'exata', 'aceitavel', 'classe_correta', 'erro', 'aceitavel', 'aceitavel', 'classe_correta', 'classe_correta', 'erro', 'erro', 'exata', 'exata', 'aceitavel', 'aceitavel', 'exata']",8,1,10,8,8,0,65.714
EST_133,CODAP,8,A,O dia em que os jacarés invadiram a cidade,"['são', 'e', 'usou', 'matem', 'teve', 'ferozes', 'pule', 'foram', 'jacare', 'eram', 'chegaram', 'era', 'tavam', 'toda', 'os', 'são', 'foram', 'é', 'os', 'tavam', 'foram', 'comeu', 'jacare', 'humano', 'foram', 'usou', 'são', 'jacare', 'humano', 'foram', 'matase', 'se', 'humanos', 'ativou', 'foi']","['mesma classe e mesmo campo semântico', '-', 'mesma classe e mesmo campo semântico', 'mesma classe e campo semântico diferente', 'mesma classe e campo semântico diferente', '-', 'mesma classe e campo semântico diferente', 'mesma classe e campo semântico diferente', '-', 'mesma classe e mesmo campo semântico', 'mesma classe e campo semântico diferente', 'mesma classe e mesmo campo semântico', 'mesma classe e campo semântico diferente', '-', '-', 'mesma classe e campo semântico diferente', 'mesma classe e campo semântico diferente', 'mesma classe e campo semântico diferente', '-', 'mesma classe e campo semântico diferente', 'mesma classe e campo semântico diferente', 'mesma classe e campo semântico diferente', '-', '-', 'mesma classe e campo semântico diferente', 'mesma classe e campo semântico diferente', 'mesma classe e campo semântico diferente', '-', '-', 'mesma classe e campo semântico diferente', 'mesma classe e campo semântico diferente', '-', '-', 'mesma classe e mesmo campo semântico', 'mesma classe e mesmo campo semântico']",08:15,08:20,"[1.0, 0.0, 0.5, 0.5, 1.0, 0.0, 0.5, 0.5, 0.0, 1.0, 1.0, 1.0, 0.5, 0.0, 0.0, 0.5, 0.5, 0.5, 0.0, 1.0, 0.5, 0.5, 0.0, 0.0, 0.5, 0.5, 0.5, 0.0, 0.0, 0.5, 0.0, 0.0, 0.0, 0.5, 1.0]","['aceitavel', 'erro', 'classe_correta', 'classe_correta', 'aceitavel', 'erro', 'classe_correta', 'classe_correta', 'erro', 'aceitavel', 'aceitavel', 'exata', 'classe_correta', 'erro', 'erro', 'classe_correta', 'classe_correta', 'classe_correta', 'erro', 'aceitavel', 'classe_correta', 'classe_correta', 'erro', 'erro', 'classe_correta', 'classe_correta', 'classe_correta', 'erro', 'erro', 'classe_correta', 'erro', 'erro', 'erro', 'classe_correta', 'exata']",2,0,5,15,13,0,41.429
EST_134,CODAP,8,B,O dia em que os jacarés invadiram a cidade,"['foram', 'jogaram', 'deram', 'machucase', 'seria', 'ficava', 'morava', 'foi', 'aumentando', 'ficaram', 'chegaram', 'era', 'pelas', 'assustador', 'era', 'mudava', 'ficaram', 'mudou', 'os', 'habitam', 'morreram', 'criados', 'criou', 'diversas', 'fizeram', 'homenzinhos', 'foram', 'o', 'atacou', 'tem', 'machuque', 'que', 'jacarés', 'dar', 'foi']","['mesma classe e mesmo campo semântico', 'mesma classe e mesmo campo semântico', 'mesma classe e mesmo campo semântico', 'mesma classe e mesmo campo semântico', 'mesma classe e campo semântico diferente', 'mesma classe e campo semântico diferente', 'mesma classe e mesmo campo semântico', 'mesma classe e campo semântico diferente', 'mesma classe e mesmo campo semântico', 'mesma classe e mesmo campo semântico', 'mesma classe e campo semântico diferente', 'mesma classe e mesmo campo semântico', '-', '-', 'mesma classe e mesmo campo semântico', 'mesma classe e campo semântico diferente', 'mesma classe e campo semântico diferente', 'mesma classe e campo semântico diferente', '-', 'mesma classe e mesmo campo semântico', 'mesma classe e campo semântico diferente', 'mesma classe e campo semântico diferente', 'mesma classe e campo semântico diferente', '-', 'mesma classe e mesmo campo semântico', '-', 'mesma classe e campo semântico diferente', '-', 'mesma classe e mesmo campo semântico', 'mesma classe e mesmo campo semântico', 'mesma classe e mesmo campo semântico', '-', '-', 'mesma classe e mesmo campo semântico', 'mesma classe e mesmo campo semântico']",08:07,08:22,"[1.0, 1.0, 1.0, 1.0, 1.0, 0.5, 1.0, 0.5, 1.0, 1.0, 1.0, 1.0, 0.0, 0.0, 1.0, 0.5, 0.5, 1.0, 0.0, 1.0, 1.0, 0.5, 0.5, 0.0, 1.0, 0.0, 0.5, 0.0, 0.5, 0.5, 1.0, 0.0, 0.0, 0.5, 1.0]","['aceitavel', 'aceitavel', 'aceitavel', 'grafia_incorreta', 'aceitavel', 'classe_correta', 'grafia_incorreta', 'classe_correta', 'grafia_incorreta', 'exata', 'aceitavel', 'exata', 'erro', 'erro', 'aceitavel', 'classe_correta', 'classe_correta', 'exata', 'erro', 'aceitavel', 'aceitavel', 'classe_correta', 'classe_correta', 'erro', 'aceitavel', 'erro', 'classe_correta', 'erro', 'classe_correta', 'classe_correta', 'aceitavel', 'erro', 'erro', 'classe_correta', 'exata']",4,3,10,10,8,0,62.857
EST_135,CODAP,8,A,O dia em que os jacarés invadiram a cidade,"['são', 'jogavão', 'davam', 'machucasem', 'com', 'desceram', 'entraram', 'esconderam', 'mudavam', 'ficaram', 'chegaram', 'era', 'sairam', 'comeram', 'é', 'sugaram', 'comeram', 'caise', 'os', 'moravam', 'fugiram', 'comeram', 'começaram', 'fazer', 'criarão', 'venderam', 'erdaram', 'começaram', 'fazer', 'com', 'influenciasem', 'pegaram', 'jogaram', 'deram', 'foi']","['mesma classe e mesmo campo semântico', 'mesma classe e mesmo campo semântico', 'mesma classe e mesmo campo semântico', 'mesma classe e mesmo campo semântico', '-', 'mesma classe e campo semântico diferente', 'mesma classe e campo semântico diferente', 'mesma classe e campo semântico diferente', 'mesma classe e mesmo campo semântico', 'mesma classe e mesmo campo semântico', 'mesma classe e campo semântico diferente', 'mesma classe e mesmo campo semântico', 'mesma classe e campo semântico diferente', 'mesma classe e mesmo campo semântico', 'mesma classe e mesmo campo semântico', 'mesma classe e campo semântico diferente', 'mesma classe e campo semântico diferente', 'mesma classe e campo semântico diferente', '-', 'mesma classe e mesmo campo semântico', 'mesma classe e campo semântico diferente', 'mesma classe e mesmo campo semântico', 'mesma classe e campo semântico diferente', 'mesma classe e mesmo campo semântico', 'mesma classe e mesmo campo semântico', 'mesma classe e mesmo campo semântico', 'mesma classe e campo semântico diferente', 'mesma classe e mesmo campo semântico', 'mesma classe e campo semântico diferente', '-', 'mesma classe e campo semântico diferente', 'mesma classe e mesmo campo semântico', 'mesma classe e mesmo campo semântico', 'mesma classe e mesmo campo semântico', 'mesma classe e mesmo campo semântico']",08:15,08:23,"[1.0, 0.0, 0.5, 1.0, 0.0, 0.5, 0.5, 1.0, 1.0, 1.0, 1.0, 1.0, 1.0, 1.0, 1.0, 1.0, 0.5, 0.0, 0.0, 1.0, 1.0, 1.0, 1.0, 1.0, 1.0, 1.0, 1.0, 1.0, 0.5, 0.0, 0.5, 1.0, 1.0, 1.0, 1.0]","['aceitavel', 'erro', 'classe_correta', 'grafia_incorreta', 'erro', 'classe_correta', 'classe_correta', 'aceitavel', 'aceitavel', 'exata', 'aceitavel', 'exata', 'aceitavel', 'exata', 'aceitavel', 'aceitavel', 'classe_correta', 'erro', 'erro', 'aceitavel', 'aceitavel', 'aceitavel', 'exata', 'exata', 'aceitavel', 'exata', 'grafia_incorreta', 'exata', 'classe_correta', 'erro', 'classe_correta', 'exata', 'aceitavel', 'aceitavel', 'exata']",9,2,13,6,5,0,77.143
EST_136,CODAP,8,A,O dia em que os jacarés invadiram a cidade,"['eram', 'também', 'só', 'mudasem', 'mas', 'foram', 'até', 'foram', 'tinha', 'de', 'foram', 'era', 'tinham', 'também', 'muitos', 'não', 'animais', 'aguentou', 'os', 'foram', 'também', 'foram', 'que', 'fizeram', 'foram', 'também', 'foram', 'não', 'também', 'tinham', 'matassem', 'os', 'jacarés', 'foram', 'que']","['mesma classe e mesmo campo semântico', '-', '-', 'mesma classe e campo semântico diferente', '-', 'mesma classe e campo semântico diferente', '-', 'mesma classe e campo semântico diferente', 'mesma classe e campo semântico diferente', '-', 'mesma classe e campo semântico diferente', 'mesma classe e mesmo campo semântico', 'mesma classe e campo semântico diferente', '-', '-', '-', '-', 'mesma classe e campo semântico diferente', '-', 'mesma classe e campo semântico diferente', '-', 'mesma classe e campo semântico diferente', '-', 'mesma classe e mesmo campo semântico', 'mesma classe e campo semântico diferente', '-', 'mesma classe e campo semântico diferente', '-', '-', 'mesma classe e mesmo campo semântico', 'mesma classe e campo semântico diferente', '-', '-', 'mesma classe e campo semântico diferente', '-']",08:15,08:21,"[1.0, 0.0, 0.0, 1.0, 0.0, 0.5, 0.0, 0.5, 0.5, 0.0, 0.5, 1.0, 0.5, 0.0, 0.0, 0.0, 0.0, 0.5, 0.0, 0.5, 0.0, 0.5, 0.0, 0.5, 0.5, 0.0, 0.5, 0.0, 0.0, 1.0, 1.0, 0.0, 0.0, 1.0, 0.0]","['exata', 'erro', 'erro', 'aceitavel', 'erro', 'classe_correta', 'erro', 'classe_correta', 'classe_correta', 'erro', 'classe_correta', 'exata', 'classe_correta', 'erro', 'erro', 'erro', 'erro', 'classe_correta', 'erro', 'classe_correta', 'erro', 'classe_correta', 'erro', 'classe_correta', 'classe_correta', 'erro', 'classe_correta', 'erro', 'erro', 'aceitavel', 'aceitavel', 'erro', 'erro', 'aceitavel', 'erro']",2,0,4,11,18,0,32.857
EST_137,CODAP,8,B,O dia em que os jacarés invadiram a cidade,"['eram', 'jogaram', 'deram', 'machuque', 'foi', 'nasceram', 'estavam', 'passou', 'mudava', 'nasceram', 'vieram', 'era', 'estavam', 'atacaram', 'era', 'tinham', '-', 'fosse', 'os', '-', 'viveram', '-', '-', '-', '-', '-', '-', '-', '-', '-', '-', '-', '-', 'deram', 'foi']","['mesma classe e mesmo campo semântico', 'mesma classe e mesmo campo semântico', 'mesma classe e mesmo campo semântico', 'mesma classe e mesmo campo semântico', 'mesma classe e mesmo campo semântico', 'mesma classe e campo semântico diferente', 'mesma classe e campo semântico diferente', 'mesma classe e campo semântico diferente', 'mesma classe e mesmo campo semântico', 'mesma classe e campo semântico diferente', 'mesma classe e campo semântico diferente', 'mesma classe e mesmo campo semântico', 'mesma classe e campo semântico diferente', 'mesma classe e mesmo campo semântico', 'mesma classe e mesmo campo semântico', 'mesma classe e campo semântico diferente', '-', 'mesma classe e campo semântico diferente', '-', '-', 'mesma classe e mesmo campo semântico', '-', '-', '-', '-', '-', '-', '-', '-', '-', '-', '-', '-', 'mesma classe e mesmo campo semântico', 'mesma classe e mesmo campo semântico']",08:07,08:19,"[1.0, 1.0, 1.0, 1.0, 1.0, 0.5, 0.5, 0.5, 1.0, 1.0, 0.5, 1.0, 0.5, 1.0, 1.0, 0.5, 0.0, 0.5, 0.0, 0.0, 0.5, 0.0, 0.0, 0.0, 0.0, 0.0, 0.0, 0.0, 0.0, 0.0, 0.0, 0.0, 0.0, 1.0, 1.0]","['exata', 'aceitavel', 'aceitavel', 'aceitavel', 'exata', 'classe_correta', 'classe_correta', 'classe_correta', 'aceitavel', 'aceitavel', 'classe_correta', 'exata', 'classe_correta', 'aceitavel', 'aceitavel', 'classe_correta', 'branco', 'classe_correta', 'erro', 'branco', 'classe_correta', 'branco', 'branco', 'branco', 'branco', 'branco', 'branco', 'branco', 'branco', 'branco', 'branco', 'branco', 'branco', 'aceitavel', 'exata']",4,0,8,8,1,14,45.714
EST_138,CODAP,8,A,O dia em que os jacarés invadiram a cidade,"['eram', 'jogavam', 'davam', 'ferissem', 'aconteceu', 'morreram', 'desapareceram', 'perderam', 'mudaram', 'ficaram', 'chegaram', 'era', 'chegaram', 'feriram', 'ferozes', 'foi', 'lutaram', 'aguentou', 'os', 'invadiram', 'morreram', 'ataram', '-', '-', '-', '-', '-', '-', '-', '-', '-', '-', '-', '-', '-']","['mesma classe e mesmo campo semântico', 'mesma classe e mesmo campo semântico', 'mesma classe e mesmo campo semântico', 'mesma classe e mesmo campo semântico', 'mesma classe e mesmo campo semântico', 'mesma classe e campo semântico diferente', 'mesma classe e campo semântico diferente', 'mesma classe e campo semântico diferente', 'mesma classe e mesmo campo semântico', 'mesma classe e mesmo campo semântico', 'mesma classe e campo semântico diferente', 'mesma classe e mesmo campo semântico', 'mesma classe e campo semântico diferente', 'mesma classe e mesmo campo semântico', '-', 'mesma classe e campo semântico diferente', 'mesma classe e campo semântico diferente', 'mesma classe e campo semântico diferente', '-', 'mesma classe e campo semântico diferente', 'mesma classe e campo semântico diferente', 'mesma classe e campo semântico diferente', '-', '-', '-', '-', '-', '-', '-', '-', '-', '-', '-', '-', '-']",08:15,08:48,"[1.0, 0.5, 0.5, 1.0, 1.0, 0.5, 1.0, 0.5, 0.5, 1.0, 1.0, 1.0, 1.0, 1.0, 0.0, 0.5, 0.5, 0.5, 0.0, 0.5, 1.0, 1.0, 0.0, 0.0, 0.0, 0.0, 0.0, 0.0, 0.0, 0.0, 0.0, 0.0, 0.0, 0.0, 0.0]","['exata', 'classe_correta', 'classe_correta', 'aceitavel', 'aceitavel', 'classe_correta', 'aceitavel', 'classe_correta', 'classe_correta', 'exata', 'aceitavel', 'exata', 'aceitavel', 'aceitavel', 'erro', 'classe_correta', 'classe_correta', 'classe_correta', 'erro', 'classe_correta', 'aceitavel', 'aceitavel', 'branco', 'branco', 'branco', 'branco', 'branco', 'branco', 'branco', 'branco', 'branco', 'branco', 'branco', 'branco', 'branco']",3,0,8,9,2,13,44.286
EST_139,CODAP,8,A,O dia em que os jacarés invadiram a cidade,"['são', 'jogaram', 'deram', 'machucassem', 'com', 'ferozes', 'pequenos', 'encontra', 'muda', 'ficaram', 'descobriram', 'era', 'chegaram', 'assustou', 'foi', 'tinham', 'eram', 'aguentasse', 'os', 'habitavam', 'sobreviveram', 'sobraram', 'submeteram', 'algumas', 'estavam', 'humanos', 'mostravam', 'nem', 'raiva', 'com', 'machucassem', 'jogaram', 'jacarezinhos', 'deram', 'foi']","['mesma classe e mesmo campo semântico', '-', 'mesma classe e mesmo campo semântico', 'mesma classe e mesmo campo semântico', '-', '-', '-', 'mesma classe e campo semântico diferente', 'mesma classe e mesmo campo semântico', 'mesma classe e mesmo campo semântico', 'mesma classe e mesmo campo semântico', 'mesma classe e mesmo campo semântico', 'mesma classe e campo semântico diferente', 'mesma classe e campo semântico diferente', 'mesma classe e mesmo campo semântico', 'mesma classe e campo semântico diferente', 'mesma classe e campo semântico diferente', 'mesma classe e campo semântico diferente', '-', 'mesma classe e mesmo campo semântico', 'mesma classe e mesmo campo semântico', 'mesma classe e campo semântico diferente', 'mesma classe e campo semântico diferente', '-', 'mesma classe e campo semântico diferente', '-', 'mesma classe e campo semântico diferente', '-', '-', '-', 'mesma classe e mesmo campo semântico', 'mesma classe e campo semântico diferente', '-', 'mesma classe e mesmo campo semântico', 'mesma classe e mesmo campo semântico']",08:15,08:27,"[1.0, 1.0, 1.0, 1.0, 0.0, 0.0, 0.0, 0.5, 0.5, 1.0, 1.0, 1.0, 1.0, 0.5, 1.0, 0.5, 0.5, 0.5, 0.0, 1.0, 1.0, 0.5, 0.5, 0.0, 0.5, 0.0, 0.5, 0.0, 0.0, 0.0, 1.0, 1.0, 0.0, 1.0, 1.0]","['aceitavel', 'aceitavel', 'aceitavel', 'exata', 'erro', 'erro', 'erro', 'classe_correta', 'classe_correta', 'exata', 'aceitavel', 'exata', 'aceitavel', 'classe_correta', 'exata', 'classe_correta', 'classe_correta', 'classe_correta', 'erro', 'aceitavel', 'exata', 'classe_correta', 'classe_correta', 'erro', 'classe_correta', 'erro', 'classe_correta', 'erro', 'erro', 'erro', 'exata', 'grafia_incorreta', 'erro', 'aceitavel', 'exata']",7,1,7,10,10,0,57.143
EST_140,CODAP,8,B,O dia em que os jacarés invadiram a cidade,"['são', 'colocaram', 'apertaram', 'machucassem', 'com', 'esconderam', 'viveram', 'estava', 'menor', 'eram', 'chegaram', 'era', 'voltaram', 'atacaram', 'era', 'tinham', 'conhecemos', 'suportou', 'os', 'comandou', 'viveram', 'foi', 'usaram', 'suas', 'testavam', 'humanos', 'aguentaram', 'atacaram', 'cidade', 'com', 'ferissem', 'eles', 'jacarezinhos', 'ligaram', 'foi']","['mesma classe e mesmo campo semântico', '-', 'mesma classe e mesmo campo semântico', 'mesma classe e mesmo campo semântico', '-', 'mesma classe e campo semântico diferente', 'mesma classe e campo semântico diferente', 'mesma classe e campo semântico diferente', '-', 'mesma classe e mesmo campo semântico', 'mesma classe e campo semântico diferente', 'mesma classe e mesmo campo semântico', 'mesma classe e campo semântico diferente', 'mesma classe e mesmo campo semântico', 'mesma classe e mesmo campo semântico', 'mesma classe e campo semântico diferente', 'mesma classe e campo semântico diferente', 'mesma classe e campo semântico diferente', '-', 'mesma classe e campo semântico diferente', 'mesma classe e mesmo campo semântico', 'mesma classe e campo semântico diferente', 'mesma classe e campo semântico diferente', '-', 'mesma classe e campo semântico diferente', '-', 'mesma classe e campo semântico diferente', 'mesma classe e campo semântico diferente', '-', '-', 'mesma classe e mesmo campo semântico', '-', '-', 'mesma classe e mesmo campo semântico', 'mesma classe e mesmo campo semântico']",08:07,08:20,"[1.0, 0.5, 1.0, 1.0, 0.0, 0.5, 1.0, 0.5, 0.0, 1.0, 1.0, 1.0, 0.5, 1.0, 1.0, 0.5, 0.5, 0.5, 0.0, 0.5, 0.5, 0.5, 0.5, 0.0, 0.5, 0.0, 0.5, 0.5, 0.0, 0.0, 1.0, 0.0, 0.0, 1.0, 1.0]","['aceitavel', 'classe_correta', 'aceitavel', 'exata', 'erro', 'classe_correta', 'aceitavel', 'classe_correta', 'erro', 'aceitavel', 'aceitavel', 'exata', 'classe_correta', 'aceitavel', 'aceitavel', 'classe_correta', 'classe_correta', 'classe_correta', 'erro', 'classe_correta', 'classe_correta', 'classe_correta', 'classe_correta', 'erro', 'classe_correta', 'erro', 'classe_correta', 'classe_correta', 'erro', 'erro', 'aceitavel', 'erro', 'erro', 'aceitavel', 'exata']",3,0,9,14,9,0,54.286
EST_141,CODAP,8,A,O dia em que os jacarés invadiram a cidade,"['estavam', 'jogaram', 'deram', 'machucarem', 'foi', 'ferozes', 'entraram', 'multiplicam', 'cresceu', 'ficaram', 'perceberam', 'era', 'invadiram', 'suprienderam', 'foi', 'tinha', 'ferozes', 'aguentava', 'os', 'invadiram', 'fugiram', '-', '-', '-', '-', '-', '-', '-', '-', '-', '-', '-', '-', '-', '-']","['mesma classe e mesmo campo semântico', 'mesma classe e mesmo campo semântico', 'mesma classe e mesmo campo semântico', 'mesma classe e mesmo campo semântico', 'mesma classe e mesmo campo semântico', '-', 'mesma classe e campo semântico diferente', 'mesma classe e mesmo campo semântico', 'mesma classe e mesmo campo semântico', 'mesma classe e mesmo campo semântico', 'mesma classe e mesmo campo semântico', 'mesma classe e mesmo campo semântico', 'mesma classe e campo semântico diferente', 'mesma classe e campo semântico diferente', 'mesma classe e mesmo campo semântico', 'mesma classe e campo semântico diferente', '-', 'mesma classe e campo semântico diferente', '-', 'mesma classe e campo semântico diferente', 'mesma classe e campo semântico diferente', '-', '-', '-', '-', '-', '-', '-', '-', '-', '-', '-', '-', '-', '-']",08:15,08:48,"[1.0, 1.0, 1.0, 1.0, 1.0, 0.0, 0.5, 1.0, 0.5, 1.0, 1.0, 1.0, 1.0, 1.0, 1.0, 0.5, 0.0, 0.5, 0.0, 0.5, 1.0, 0.0, 0.0, 0.0, 0.0, 0.0, 0.0, 0.0, 0.0, 0.0, 0.0, 0.0, 0.0, 0.0, 0.0]","['aceitavel', 'aceitavel', 'aceitavel', 'grafia_incorreta', 'exata', 'erro', 'classe_correta', 'aceitavel', 'classe_correta', 'exata', 'aceitavel', 'exata', 'aceitavel', 'aceitavel', 'exata', 'classe_correta', 'erro', 'classe_correta', 'erro', 'classe_correta', 'aceitavel', 'branco', 'branco', 'branco', 'branco', 'branco', 'branco', 'branco', 'branco', 'branco', 'branco', 'branco', 'branco', 'branco', 'branco']",4,1,8,5,3,14,44.286
EST_142,CODAP,8,B,O dia em que os jacarés invadiram a cidade,"['são', 'jogaram', 'deram', 'machucasem', 'foi', 'ferozes', 'furiosos', 'continuou', 'mudou', 'eram', 'chegaram', 'era', 'pelas', 'fatal', 'é', 'percam', 'criaram', 'aguentasse', 'vários', 'popularam', 'sobreviveram', 'eram', 'estudaram', '-', 'criaram', 'fizeram', 'deixaram', 'voltaram', 'matar', 'fugiram', 'valorizassem', 'que', 'jacarés', 'foram', 'foi']","['mesma classe e mesmo campo semântico', 'mesma classe e mesmo campo semântico', 'mesma classe e mesmo campo semântico', 'mesma classe e mesmo campo semântico', 'mesma classe e mesmo campo semântico', '-', '-', 'mesma classe e campo semântico diferente', 'mesma classe e mesmo campo semântico', 'mesma classe e mesmo campo semântico', 'mesma classe e campo semântico diferente', 'mesma classe e mesmo campo semântico', '-', '-', 'mesma classe e mesmo campo semântico', 'mesma classe e campo semântico diferente', 'mesma classe e campo semântico diferente', 'mesma classe e campo semântico diferente', '-', 'mesma classe e campo semântico diferente', 'mesma classe e mesmo campo semântico', 'mesma classe e campo semântico diferente', 'mesma classe e campo semântico diferente', '-', 'mesma classe e mesmo campo semântico', 'mesma classe e campo semântico diferente', 'mesma classe e mesmo campo semântico', 'mesma classe e campo semântico diferente', 'mesma classe e mesmo campo semântico', 'mesma classe e campo semântico diferente', 'mesma classe e campo semântico diferente', '-', '-', 'mesma classe e campo semântico diferente', 'mesma classe e mesmo campo semântico']",08:07,08:24,"[1.0, 1.0, 1.0, 1.0, 1.0, 0.0, 0.0, 0.5, 0.5, 1.0, 1.0, 1.0, 0.0, 0.0, 1.0, 0.5, 0.5, 0.5, 0.0, 0.5, 1.0, 0.5, 0.5, 0.0, 1.0, 0.5, 0.5, 1.0, 1.0, 0.5, 1.0, 0.0, 0.0, 1.0, 1.0]","['aceitavel', 'aceitavel', 'aceitavel', 'grafia_incorreta', 'exata', 'erro', 'erro', 'classe_correta', 'classe_correta', 'aceitavel', 'aceitavel', 'exata', 'erro', 'erro', 'aceitavel', 'classe_correta', 'classe_correta', 'classe_correta', 'erro', 'classe_correta', 'exata', 'classe_correta', 'classe_correta', 'branco', 'aceitavel', 'classe_correta', 'classe_correta', 'aceitavel', 'aceitavel', 'classe_correta', 'aceitavel', 'erro', 'erro', 'aceitavel', 'exata']",4,1,11,11,7,1,61.429
EST_143,CODAP,8,B,O dia em que os jacarés invadiram a cidade,"['muito', 'como', 'sem', 'machucarem', 'mas', 'Famintos', 'inteligentes', 'era', 'maior', 'eles', 'viram', 'era', 'enchem', 'pega', 'era', 'mudaram', 'pegassem', 'mudasse', 'alguns', 'dominaram', 'morem', 'viram', 'que', 'Faz', 'juntos', 'humanos', 'tem', 'raiva', 'inteligencia', 'com', 'machucarem', 'que', 'jacarezinhos', 'sem', 'em']","['-', 'mesma classe e mesmo campo semântico', '-', 'mesma classe e mesmo campo semântico', '-', '-', '-', 'mesma classe e campo semântico diferente', '-', '-', 'mesma classe e campo semântico diferente', 'mesma classe e mesmo campo semântico', 'mesma classe e campo semântico diferente', 'mesma classe e campo semântico diferente', 'mesma classe e mesmo campo semântico', 'mesma classe e campo semântico diferente', 'mesma classe e campo semântico diferente', 'mesma classe e mesmo campo semântico', '-', 'mesma classe e mesmo campo semântico', 'mesma classe e campo semântico diferente', 'mesma classe e campo semântico diferente', '-', 'mesma classe e mesmo campo semântico', '-', '-', 'mesma classe e campo semântico diferente', '-', '-', '-', 'mesma classe e mesmo campo semântico', '-', '-', '-', '-']",08:07,08:25,"[0.0, 0.0, 0.0, 1.0, 0.0, 0.0, 0.0, 0.5, 0.0, 0.0, 1.0, 1.0, 0.5, 0.5, 1.0, 0.5, 0.5, 0.5, 0.0, 1.0, 0.5, 0.5, 0.0, 0.5, 0.0, 0.0, 0.5, 0.0, 0.0, 0.0, 1.0, 0.0, 0.0, 0.0, 0.0]","['erro', 'erro', 'erro', 'grafia_incorreta', 'erro', 'erro', 'erro', 'classe_correta', 'erro', 'erro', 'aceitavel', 'exata', 'classe_correta', 'classe_correta', 'aceitavel', 'classe_correta', 'classe_correta', 'classe_correta', 'erro', 'grafia_incorreta', 'classe_correta', 'classe_correta', 'erro', 'classe_correta', 'erro', 'erro', 'classe_correta', 'erro', 'erro', 'erro', 'grafia_incorreta', 'erro', 'erro', 'erro', 'erro']",1,3,2,10,19,0,31.429
EST_144,CODAP,8,A,O dia em que os jacarés invadiram a cidade,"['são', 'todos', 'vão', 'machuquem', 'foi', 'minusculos', 'também', '-', 'aumenta', 'jacarés', 'chegam', 'é', 'estão', 'também', 'foi', 'tem', 'mataram', 'cresça', 'os', '-', 'moreram', 'todos', '-', '-', 'fazem', 'grandes', 'são', 'sim', 'humanidade', 'tem', 'matem', 'todos', 'jacarés', 'também', 'foi']","['mesma classe e mesmo campo semântico', '-', 'mesma classe e mesmo campo semântico', 'mesma classe e mesmo campo semântico', 'mesma classe e mesmo campo semântico', '-', '-', '-', 'mesma classe e mesmo campo semântico', '-', 'mesma classe e campo semântico diferente', 'mesma classe e mesmo campo semântico', 'mesma classe e campo semântico diferente', '-', 'mesma classe e mesmo campo semântico', 'mesma classe e campo semântico diferente', 'mesma classe e mesmo campo semântico', 'mesma classe e campo semântico diferente', '-', '-', 'mesma classe e campo semântico diferente', '-', '-', '-', 'mesma classe e mesmo campo semântico', '-', 'mesma classe e campo semântico diferente', '-', '-', 'mesma classe e mesmo campo semântico', 'mesma classe e campo semântico diferente', '-', '-', '-', 'mesma classe e mesmo campo semântico']",08:15,08:22,"[1.0, 0.0, 0.5, 1.0, 1.0, 0.0, 0.0, 0.0, 1.0, 0.0, 0.5, 1.0, 0.5, 0.0, 1.0, 0.5, 0.5, 0.5, 0.0, 0.0, 0.5, 0.0, 0.0, 0.0, 0.5, 0.0, 0.5, 0.0, 0.0, 0.5, 0.5, 0.0, 0.0, 0.0, 1.0]","['aceitavel', 'erro', 'classe_correta', 'aceitavel', 'exata', 'erro', 'erro', 'branco', 'grafia_incorreta', 'erro', 'classe_correta', 'aceitavel', 'classe_correta', 'erro', 'exata', 'classe_correta', 'classe_correta', 'classe_correta', 'erro', 'branco', 'classe_correta', 'erro', 'branco', 'branco', 'classe_correta', 'erro', 'classe_correta', 'erro', 'erro', 'classe_correta', 'classe_correta', 'erro', 'erro', 'erro', 'exata']",3,1,3,11,13,4,35.714
EST_145,CODAP,8,B,O dia em que os jacarés invadiram a cidade,"['são', 'colocaram', 'deram', 'machucase', 'Foi', 'foram', 'parar', 'prolongando', 'crescia', 'eram', 'viram', 'era', 'pegaram', 'perigoso', 'foi', 'tinham', 'mordiam', 'aguentasse', 'os', 'dominaram', '-', '-', '-', '-', 'levariam', 'usavam', 'queriam', '-', '-', 'com', '-', '-', '-', '-', '-']","['mesma classe e mesmo campo semântico', 'mesma classe e mesmo campo semântico', 'mesma classe e mesmo campo semântico', 'mesma classe e mesmo campo semântico', 'mesma classe e mesmo campo semântico', 'mesma classe e campo semântico diferente', 'mesma classe e campo semântico diferente', 'mesma classe e campo semântico diferente', 'mesma classe e mesmo campo semântico', 'mesma classe e mesmo campo semântico', 'mesma classe e campo semântico diferente', 'mesma classe e mesmo campo semântico', 'mesma classe e campo semântico diferente', '-', 'mesma classe e mesmo campo semântico', 'mesma classe e campo semântico diferente', 'mesma classe e mesmo campo semântico', 'mesma classe e campo semântico diferente', '-', 'mesma classe e mesmo campo semântico', '-', '-', '-', '-', 'mesma classe e campo semântico diferente', 'mesma classe e campo semântico diferente', 'mesma classe e campo semântico diferente', '-', '-', '-', '-', '-', '-', '-', '-']",08:07,08:20,"[1.0, 0.5, 1.0, 1.0, 1.0, 0.5, 0.5, 0.5, 1.0, 1.0, 1.0, 1.0, 1.0, 0.0, 1.0, 0.5, 1.0, 0.5, 0.0, 1.0, 0.0, 0.0, 0.0, 0.0, 1.0, 0.5, 0.5, 0.0, 0.0, 0.0, 0.0, 0.0, 0.0, 0.0, 0.0]","['aceitavel', 'classe_correta', 'aceitavel', 'grafia_incorreta', 'exata', 'classe_correta', 'classe_correta', 'classe_correta', 'aceitavel', 'aceitavel', 'aceitavel', 'exata', 'aceitavel', 'erro', 'exata', 'classe_correta', 'aceitavel', 'classe_correta', 'erro', 'grafia_incorreta', 'branco', 'branco', 'branco', 'branco', 'aceitavel', 'classe_correta', 'classe_correta', 'branco', 'branco', 'erro', 'branco', 'branco', 'branco', 'branco', 'branco']",3,2,8,8,3,11,48.571
EST_146,CODAP,8,A,O dia em que os jacarés invadiram a cidade,"['eram', 'jogaram', 'deu', 'machucasse', 'mas', 'foram', 'parar', 'espalhavam', 'mudava', 'ficaram', 'chegaram', 'era', 'estavam', 'inesperado', 'era', 'tinha', 'jogaram', 'fosse', 'os', 'abitava', 'viveram', 'viraram', 'e', 'usaram', 'usavam', 'filho', 'tinha', 'sim', 'do', 'com', 'machucarem', 'que', 'jogaram', 'deram', 'foi']","['mesma classe e mesmo campo semântico', 'mesma classe e mesmo campo semântico', 'mesma classe e mesmo campo semântico', 'mesma classe e mesmo campo semântico', '-', 'mesma classe e campo semântico diferente', 'mesma classe e campo semântico diferente', 'mesma classe e mesmo campo semântico', 'mesma classe e mesmo campo semântico', 'mesma classe e mesmo campo semântico', 'mesma classe e campo semântico diferente', 'mesma classe e mesmo campo semântico', 'mesma classe e campo semântico diferente', '-', 'mesma classe e mesmo campo semântico', 'mesma classe e campo semântico diferente', 'mesma classe e campo semântico diferente', 'mesma classe e campo semântico diferente', '-', 'mesma classe e mesmo campo semântico', 'mesma classe e mesmo campo semântico', 'mesma classe e campo semântico diferente', '-', 'mesma classe e campo semântico diferente', 'mesma classe e campo semântico diferente', '-', 'mesma classe e campo semântico diferente', '-', '-', '-', 'mesma classe e mesmo campo semântico', '-', 'mesma classe e mesmo campo semântico', 'mesma classe e mesmo campo semântico', 'mesma classe e mesmo campo semântico']",08:15,08:36,"[1.0, 1.0, 0.5, 1.0, 0.0, 0.5, 0.5, 0.5, 1.0, 1.0, 1.0, 1.0, 0.5, 0.5, 1.0, 0.5, 0.5, 0.5, 0.0, 0.5, 0.5, 0.5, 0.0, 0.5, 0.5, 0.0, 0.5, 0.0, 0.0, 0.0, 1.0, 0.0, 1.0, 1.0, 1.0]","['exata', 'aceitavel', 'classe_correta', 'grafia_incorreta', 'erro', 'classe_correta', 'classe_correta', 'classe_correta', 'aceitavel', 'exata', 'aceitavel', 'exata', 'classe_correta', 'classe_correta', 'aceitavel', 'classe_correta', 'classe_correta', 'classe_correta', 'erro', 'classe_correta', 'classe_correta', 'classe_correta', 'erro', 'classe_correta', 'classe_correta', 'erro', 'classe_correta', 'erro', 'erro', 'erro', 'grafia_incorreta', 'erro', 'aceitavel', 'aceitavel', 'exata']",4,2,6,15,8,0,55.714
EST_147,CODAP,8,B,O dia em que os jacarés invadiram a cidade,"['são', 'colocam', 'dão', 'machuquem', 'Foi', 'morreram', 'pararam', 'foi', 'aumentou', 'ficaram', 'viram', 'era', 'estavam', 'matando', 'foi', 'tinha', 'morreram', 'melhorou', 'existiam', 'queriam', 'morreram', 'restavam', 'acharam', 'cada', 'foram', 'pais', 'tinham', 'pais', 'como', 'tiveram', 'foram', 'matou', 'pais', 'deu', 'Sendo']","['mesma classe e mesmo campo semântico', 'mesma classe e campo semântico diferente', 'mesma classe e mesmo campo semântico', 'mesma classe e mesmo campo semântico', 'mesma classe e mesmo campo semântico', 'mesma classe e campo semântico diferente', 'mesma classe e campo semântico diferente', 'mesma classe e campo semântico diferente', 'mesma classe e mesmo campo semântico', 'mesma classe e mesmo campo semântico', 'mesma classe e campo semântico diferente', 'mesma classe e mesmo campo semântico', 'mesma classe e campo semântico diferente', 'mesma classe e mesmo campo semântico', 'mesma classe e mesmo campo semântico', 'mesma classe e campo semântico diferente', 'mesma classe e campo semântico diferente', 'mesma classe e campo semântico diferente', 'mesma classe e mesmo campo semântico', 'mesma classe e campo semântico diferente', 'mesma classe e campo semântico diferente', 'mesma classe e campo semântico diferente', 'mesma classe e campo semântico diferente', '-', 'mesma classe e campo semântico diferente', '-', 'mesma classe e campo semântico diferente', '-', '-', 'mesma classe e mesmo campo semântico', 'mesma classe e campo semântico diferente', 'mesma classe e campo semântico diferente', '-', 'mesma classe e mesmo campo semântico', 'mesma classe e campo semântico diferente']",08:07,08:26,"[1.0, 0.5, 0.5, 1.0, 1.0, 0.5, 1.0, 0.5, 1.0, 1.0, 1.0, 1.0, 0.5, 0.5, 1.0, 0.5, 0.5, 1.0, 1.0, 0.5, 1.0, 0.5, 0.5, 0.0, 0.5, 0.0, 0.5, 0.0, 0.0, 1.0, 0.5, 0.5, 0.0, 0.5, 1.0]","['aceitavel', 'classe_correta', 'classe_correta', 'aceitavel', 'exata', 'classe_correta', 'grafia_incorreta', 'classe_correta', 'aceitavel', 'exata', 'aceitavel', 'exata', 'classe_correta', 'classe_correta', 'exata', 'classe_correta', 'classe_correta', 'aceitavel', 'aceitavel', 'classe_correta', 'aceitavel', 'classe_correta', 'classe_correta', 'erro', 'classe_correta', 'erro', 'classe_correta', 'erro', 'erro', 'exata', 'classe_correta', 'classe_correta', 'erro', 'classe_correta', 'aceitavel']",5,1,8,16,5,0,62.857
EST_148,CODAP,8,B,O dia em que os jacarés invadiram a cidade,"['eram', 'jogou', 'deu', 'machucarem', 'Em', 'sobreviveram', '-', 'aconteceu', 'era', 'era', 'viram', 'era', 'estavam', 'matando', 'e', 'na', 'melo', 'aguentava', 'os', 'era', 'sabiam', 'era', 'de', 'promovido', 'experimentarem', 'jacares', 'humanos', 'noto', 'jacaré', 'com', 'foram', 'pegaram', 'jacares', 'apertaram', 'foi']","['mesma classe e mesmo campo semântico', 'mesma classe e mesmo campo semântico', 'mesma classe e mesmo campo semântico', 'mesma classe e mesmo campo semântico', '-', 'mesma classe e mesmo campo semântico', '-', 'mesma classe e campo semântico diferente', 'mesma classe e campo semântico diferente', 'mesma classe e mesmo campo semântico', 'mesma classe e campo semântico diferente', 'mesma classe e mesmo campo semântico', 'mesma classe e campo semântico diferente', 'mesma classe e mesmo campo semântico', 'mesma classe e mesmo campo semântico', '-', '-', 'mesma classe e campo semântico diferente', '-', 'mesma classe e campo semântico diferente', 'mesma classe e campo semântico diferente', 'mesma classe e campo semântico diferente', 'mesma classe e campo semântico diferente', '-', 'mesma classe e campo semântico diferente', '-', '-', 'mesma classe e campo semântico diferente', '-', '-', 'mesma classe e campo semântico diferente', 'mesma classe e mesmo campo semântico', '-', 'mesma classe e mesmo campo semântico', 'mesma classe e mesmo campo semântico']",08:07,08:13,"[1.0, 0.5, 0.5, 1.0, 0.0, 1.0, 0.0, 0.5, 1.0, 0.5, 1.0, 1.0, 0.5, 0.5, 0.0, 0.0, 0.0, 0.5, 0.0, 0.5, 0.5, 0.5, 0.0, 0.5, 1.0, 0.0, 0.0, 0.5, 0.0, 0.0, 0.5, 1.0, 0.0, 1.0, 1.0]","['exata', 'classe_correta', 'classe_correta', 'grafia_incorreta', 'erro', 'exata', 'branco', 'classe_correta', 'aceitavel', 'classe_correta', 'aceitavel', 'exata', 'classe_correta', 'classe_correta', 'erro', 'erro', 'erro', 'classe_correta', 'erro', 'classe_correta', 'classe_correta', 'classe_correta', 'erro', 'classe_correta', 'aceitavel', 'erro', 'erro', 'classe_correta', 'erro', 'erro', 'classe_correta', 'exata', 'erro', 'aceitavel', 'exata']",5,1,4,13,11,1,47.143
EST_149,CODAP,8,B,O dia em que os jacarés invadiram a cidade,"['éram', 'e', 'quando', 'perdese', 'É', 'Soltos', 'em', 'crescer', 'mudar', 'eles', 'vim', 'é', 'caminhando', 'vai', 'é', 'mudar', 'é', 'era', 'os', 'tem', 'que', 'tem', 'que', 'muita', 'vivem', 'fazem', 'é', 'tem', 'é', 'tem', '-', 'é', 'que', 'que', 'é']","['mesma classe e mesmo campo semântico', '-', '-', 'mesma classe e campo semântico diferente', 'mesma classe e mesmo campo semântico', '-', '-', 'mesma classe e campo semântico diferente', 'mesma classe e mesmo campo semântico', '-', 'mesma classe e campo semântico diferente', 'mesma classe e mesmo campo semântico', 'mesma classe e campo semântico diferente', '-', 'mesma classe e mesmo campo semântico', 'mesma classe e campo semântico diferente', 'mesma classe e campo semântico diferente', 'mesma classe e campo semântico diferente', '-', 'mesma classe e campo semântico diferente', '-', 'mesma classe e campo semântico diferente', '-', '-', 'mesma classe e campo semântico diferente', 'mesma classe e campo semântico diferente', 'mesma classe e campo semântico diferente', 'mesma classe e campo semântico diferente', 'mesma classe e campo semântico diferente', 'mesma classe e mesmo campo semântico', '-', '-', '-', '-', 'mesma classe e mesmo campo semântico']",08:07,08:20,"[1.0, 0.0, 0.0, 0.5, 1.0, 0.5, 0.0, 0.5, 0.5, 0.0, 0.5, 1.0, 0.5, 0.5, 1.0, 0.5, 0.5, 0.5, 0.0, 0.5, 0.0, 0.5, 0.0, 0.0, 0.5, 0.5, 0.5, 0.5, 0.5, 0.5, 0.0, 0.5, 0.0, 0.0, 1.0]","['grafia_incorreta', 'erro', 'erro', 'classe_correta', 'aceitavel', 'classe_correta', 'erro', 'classe_correta', 'classe_correta', 'erro', 'classe_correta', 'aceitavel', 'classe_correta', 'classe_correta', 'aceitavel', 'classe_correta', 'classe_correta', 'classe_correta', 'erro', 'classe_correta', 'erro', 'classe_correta', 'erro', 'erro', 'classe_correta', 'classe_correta', 'classe_correta', 'classe_correta', 'classe_correta', 'classe_correta', 'branco', 'classe_correta', 'erro', 'erro', 'aceitavel']",0,1,4,19,10,1,41.429
EST_150,CODAP,8,B,O dia em que os jacarés invadiram a cidade,"['são', 'colocaram', 'deram', 'machucassem', 'foi', 'andando', 'vivendo', 'permaneceu', 'aumentava', 'ficaram', 'chegaram', 'era', 'dominaram', 'assustou', 'foi', 'tinham', 'comeram', 'suportou', 'os', 'dominavam', 'morreram', 'eram', 'fizeram', 'mesma', 'fizeram', 'venderam', 'tinham', '-', 'força', 'tinham', 'machucassem', 'pegaram', 'jogaram', 'deram', 'foi']","['mesma classe e mesmo campo semântico', 'mesma classe e mesmo campo semântico', 'mesma classe e mesmo campo semântico', 'mesma classe e mesmo campo semântico', 'mesma classe e mesmo campo semântico', 'mesma classe e mesmo campo semântico', 'mesma classe e campo semântico diferente', 'mesma classe e campo semântico diferente', 'mesma classe e mesmo campo semântico', 'mesma classe e mesmo campo semântico', 'mesma classe e campo semântico diferente', 'mesma classe e mesmo campo semântico', 'mesma classe e mesmo campo semântico', 'mesma classe e campo semântico diferente', 'mesma classe e mesmo campo semântico', 'mesma classe e campo semântico diferente', 'mesma classe e mesmo campo semântico', 'mesma classe e campo semântico diferente', '-', 'mesma classe e mesmo campo semântico', 'mesma classe e campo semântico diferente', 'mesma classe e campo semântico diferente', 'mesma classe e campo semântico diferente', '-', 'mesma classe e mesmo campo semântico', 'mesma classe e mesmo campo semântico', 'mesma classe e campo semântico diferente', '-', '-', 'mesma classe e mesmo campo semântico', 'mesma classe e mesmo campo semântico', 'mesma classe e mesmo campo semântico', 'mesma classe e mesmo campo semântico', 'mesma classe e mesmo campo semântico', 'mesma classe e mesmo campo semântico']",08:07,08:18,"[1.0, 0.5, 1.0, 1.0, 1.0, 0.5, 0.5, 0.5, 1.0, 1.0, 1.0, 1.0, 1.0, 0.5, 1.0, 0.5, 0.5, 0.5, 0.0, 1.0, 1.0, 0.5, 0.5, 0.0, 1.0, 1.0, 0.5, 0.0, 0.0, 1.0, 1.0, 1.0, 1.0, 1.0, 1.0]","['aceitavel', 'classe_correta', 'aceitavel', 'exata', 'exata', 'classe_correta', 'classe_correta', 'classe_correta', 'exata', 'exata', 'aceitavel', 'exata', 'grafia_incorreta', 'classe_correta', 'exata', 'classe_correta', 'classe_correta', 'classe_correta', 'erro', 'exata', 'aceitavel', 'classe_correta', 'classe_correta', 'erro', 'aceitavel', 'exata', 'classe_correta', 'branco', 'erro', 'aceitavel', 'exata', 'exata', 'aceitavel', 'aceitavel', 'exata']",11,1,8,11,3,1,72.857
EST_151,CODAP,8,A,O dia em que os jacarés invadiram a cidade,"['eram', 'jogam', 'da', 'machucase', 'foi', 'libertado', 'foram', 'mantendo', 'de', 'estão', 'descobriu', 'era', 'dominava', 'eliminaram', '-', '-', '-', '-', '-', '-', 'sobreviveu', '-', '-', '-', '-', '-', '-', '-', '-', '-', '-', '-', '-', '-', '-']","['mesma classe e mesmo campo semântico', 'mesma classe e mesmo campo semântico', '-', 'mesma classe e mesmo campo semântico', 'mesma classe e mesmo campo semântico', '-', 'mesma classe e campo semântico diferente', 'mesma classe e campo semântico diferente', '-', 'mesma classe e mesmo campo semântico', 'mesma classe e mesmo campo semântico', 'mesma classe e mesmo campo semântico', 'mesma classe e mesmo campo semântico', 'mesma classe e mesmo campo semântico', '-', '-', '-', '-', '-', '-', 'mesma classe e mesmo  campo semântico', '-', '-', '-', '-', '-', '-', '-', '-', '-', '-', '-', '-', '-', '-']",08:15,08:38,"[1.0, 0.5, 0.0, 1.0, 1.0, 0.5, 0.5, 0.5, 0.0, 0.5, 0.5, 1.0, 0.5, 1.0, 0.0, 0.0, 0.0, 0.0, 0.0, 0.0, 1.0, 0.0, 0.0, 0.0, 0.0, 0.0, 0.0, 0.0, 0.0, 0.0, 0.0, 0.0, 0.0, 0.0, 0.0]","['exata', 'classe_correta', 'erro', 'grafia_incorreta', 'exata', 'classe_correta', 'classe_correta', 'classe_correta', 'erro', 'classe_correta', 'classe_correta', 'exata', 'classe_correta', 'aceitavel', 'branco', 'branco', 'branco', 'branco', 'branco', 'branco', 'grafia_incorreta', 'branco', 'branco', 'branco', 'branco', 'branco', 'branco', 'branco', 'branco', 'branco', 'branco', 'branco', 'branco', 'branco', 'branco']",3,2,1,7,2,20,27.143
EST_152,CODAP,8,B,O dia em que os jacarés invadiram a cidade,"['são', 'deixaram', 'ligaram', 'machucassem', 'com', 'fugiram', 'ficavam', 'repetil', 'mudava', 'são', 'Apareceu', 'era', 'Andava', 'com ', 'com', 'tinha', 'afetou', 'melhorou', 'os', 'Tomaram', 'permaneceu', 'ficaram', 'fizeram', 'mais', 'tinham', 'humanos', 'tinham', 'com', 'opção', 'tem', 'evoluam', 'tinham', 'jacarés', 'liga', 'foi']","['mesma classe e mesmo campo semântico', 'mesma classe e mesmo campo semântico', 'mesma classe e mesmo campo semântico', 'mesma classe e mesmo campo semântico', '-', 'mesma classe e mesmo campo semântico', 'mesma classe e campo semântico diferente', 'mesma classe e campo semântico diferente', 'mesma classe e mesmo campo semântico', 'mesma classe e mesmo campo semântico', 'mesma classe e campo semântico diferente', 'mesma classe e mesmo campo semântico', 'mesma classe e campo semântico diferente', '-', '-', 'mesma classe e campo semântico diferente', 'mesma classe e campo semântico diferente', 'mesma classe e mesmo campo semântico', '-', 'mesma classe e mesmo campo semântico', 'mesma classe e campo semântico diferente', 'mesma classe e campo semântico diferente', 'mesma classe e campo semântico diferente', '-', 'mesma classe e campo semântico diferente', '-', 'mesma classe e campo semântico diferente', '-', '-', 'mesma classe e mesmo campo semântico', 'mesma classe e campo semântico diferente', 'mesma classe e campo semântico diferente', '-', 'mesma classe e mesmo campo semântico', 'mesma classe e mesmo campo semântico']",08:07,08:25,"[1.0, 0.5, 1.0, 1.0, 0.0, 0.5, 0.5, 0.0, 1.0, 0.5, 0.5, 1.0, 0.5, 0.0, 0.0, 0.5, 0.5, 1.0, 0.0, 0.5, 0.5, 0.5, 0.5, 0.0, 0.5, 0.0, 0.5, 0.0, 0.0, 0.5, 0.5, 0.5, 0.0, 0.5, 1.0]","['aceitavel', 'classe_correta', 'aceitavel', 'exata', 'erro', 'classe_correta', 'classe_correta', 'erro', 'aceitavel', 'classe_correta', 'classe_correta', 'exata', 'classe_correta', 'erro', 'erro', 'classe_correta', 'classe_correta', 'aceitavel', 'erro', 'classe_correta', 'classe_correta', 'classe_correta', 'classe_correta', 'erro', 'classe_correta', 'erro', 'classe_correta', 'erro', 'erro', 'classe_correta', 'classe_correta', 'classe_correta', 'erro', 'classe_correta', 'exata']",3,0,4,18,10,0,45.714
EST_153,CODAP,8,B,O dia em que os jacarés invadiram a cidade,"['são', 'jogaram', 'deram', 'machucarem', 'Foi', 'rondava', 'aparecia', 'foram', 'foi', 'são', 'chegaram', 'era', 'pelas', 'era', 'é', 'tem', 'vivem', 'tem', 'os', 'dominavam', 'preocupados', 'tem', 'produziram', 'são', 'estavam', 'usavam', 'são', '-', '-', 'tem', 'machuquem', 'eram', 'jogaram', 'deram', 'foi']","['mesma classe e mesmo campo semântico', 'mesma classe e mesmo campo semântico', 'mesma classe e mesmo campo semântico', 'mesma classe e mesmo campo semântico', 'mesma classe e mesmo campo semântico', 'mesma classe e mesmo campo semântico', 'mesma classe e campo semântico diferente', 'mesma classe e campo semântico diferente', 'mesma classe e campo semântico diferente', 'mesma classe e mesmo campo semântico', 'mesma classe e campo semântico diferente', 'mesma classe e mesmo campo semântico', '-', 'mesma classe e campo semântico diferente', 'mesma classe e mesmo campo semântico', 'mesma classe e campo semântico diferente', 'mesma classe e campo semântico diferente', 'mesma classe e campo semântico diferente', '-', 'mesma classe e mesmo campo semântico', '-', 'mesma classe e campo semântico diferente', 'mesma classe e campo semântico diferente', 'mesma classe e campo semântico diferente', 'mesma classe e campo semântico diferente', '-', 'mesma classe e campo semântico diferente', '-', '-', 'mesma classe e mesmo campo semântico', 'mesma classe e mesmo campo semântico', 'mesma classe e campo semântico diferente', 'mesma classe e mesmo campo semântico', 'mesma classe e mesmo campo semântico', 'mesma classe e mesmo campo semântico']",08:07,08:28,"[1.0, 1.0, 1.0, 1.0, 1.0, 0.5, 0.5, 0.5, 0.5, 0.5, 1.0, 1.0, 0.0, 0.5, 1.0, 0.5, 0.5, 0.5, 0.0, 1.0, 0.5, 0.5, 0.5, 0.5, 0.5, 0.5, 0.5, 0.0, 0.0, 0.5, 1.0, 0.5, 1.0, 1.0, 1.0]","['aceitavel', 'aceitavel', 'aceitavel', 'grafia_incorreta', 'exata', 'classe_correta', 'classe_correta', 'classe_correta', 'classe_correta', 'classe_correta', 'aceitavel', 'exata', 'erro', 'classe_correta', 'aceitavel', 'classe_correta', 'classe_correta', 'classe_correta', 'erro', 'exata', 'classe_correta', 'classe_correta', 'classe_correta', 'classe_correta', 'classe_correta', 'classe_correta', 'classe_correta', 'branco', 'branco', 'classe_correta', 'aceitavel', 'classe_correta', 'aceitavel', 'aceitavel', 'exata']",4,1,8,18,2,2,62.857
EST_154,CODAP,8,A,O dia em que os jacarés invadiram a cidade,"['são', 'bota', 'deu', 'machucase', 'com', 'foram', 'para', 'e', 'mudou', 'jacarés', 'foram', 'ver', 'pela', 'o', 'o', 'não', 'local', 'aguentou', 'os', 'foi', 'não', 'e', 'com', 'es', 'e', 'via', 'queria', 'foi', 'com', 'a', 'os', 'não', 'não', 'e', 'foi']","['mesma classe e mesmo campo semântico', 'mesma classe e mesmo campo semântico', 'mesma classe e mesmo campo semântico', 'mesma classe e mesmo campo semântico', '-', 'mesma classe e mesmo campo semântico', '-', '-', 'mesma classe e mesmo campo semântico', '-', 'mesma classe e campo semântico diferente', 'mesma classe e mesmo campo semântico', '-', '-', '-', '-', '-', 'mesma classe e campo semântico diferente', '-', 'mesma classe e campo semântico diferente', '-', '-', '-', '-', 'mesma classe e campo semântico diferente', '-', 'mesma classe e campo semântico diferente', 'mesma classe e campo semântico diferente', '-', 'mesma classe e campo semântico diferente', '-', '-', '-', '-', 'mesma classe e mesmo campo semântico']",08:15,08:29,"[1.0, 0.5, 0.5, 1.0, 0.0, 0.5, 0.0, 0.0, 0.5, 0.0, 0.5, 0.5, 0.0, 0.0, 0.0, 0.0, 0.0, 0.5, 0.0, 0.5, 0.0, 0.0, 0.0, 0.0, 0.0, 0.0, 0.5, 0.5, 0.0, 0.0, 0.0, 0.0, 0.0, 0.0, 1.0]","['aceitavel', 'classe_correta', 'classe_correta', 'grafia_incorreta', 'erro', 'classe_correta', 'erro', 'erro', 'classe_correta', 'erro', 'classe_correta', 'classe_correta', 'erro', 'erro', 'erro', 'erro', 'erro', 'classe_correta', 'erro', 'classe_correta', 'erro', 'erro', 'erro', 'erro', 'erro', 'erro', 'classe_correta', 'classe_correta', 'erro', 'erro', 'erro', 'erro', 'erro', 'erro', 'exata']",1,1,1,10,22,0,22.857
EST_155,CODAP,8,B,O dia em que os jacarés invadiram a cidade,"['eram', 'jogaram', 'deram', 'machucasem', 'Aconteceu', 'deseram', 'pararam', 'foi', 'mudava', 'ficaram', 'perceberam', 'era', 'foram', 'mataram', 'foi', 'tinha', '-', 'aguentou', 'os', 'tomaram', 'Fugiram', 'eram', 'criaram', 'ultima', 'criaram', 'venderam', 'tinha', 'comecaram', 'matar', 'com', 'machucasem', 'pegaram', 'jogaram', 'deram', 'Aconteceu']","['mesma classe e mesmo campo semântico', 'mesma classe e mesmo campo semântico', 'mesma classe e mesmo campo semântico', 'mesma classe e mesmo campo semântico', 'mesma classe e mesmo campo semântico', 'mesma classe e mesmo campo semântico', 'mesma classe e campo semântico diferente', 'mesma classe e campo semântico diferente', 'mesma classe e mesmo campo semântico', 'mesma classe e mesmo campo semântico', 'mesma classe e mesmo campo semântico', 'mesma classe e mesmo campo semântico', 'mesma classe e campo semântico diferente', 'mesma classe e mesmo campo semântico', 'mesma classe e mesmo campo semântico', 'mesma classe e campo semântico diferente', '-', 'mesma classe e campo semântico diferente', '-', 'mesma classe e mesmo campo semântico', 'mesma classe e campo semântico diferente', 'mesma classe e campo semântico diferente', 'mesma classe e campo semântico diferente', '-', 'mesma classe e mesmo campo semântico', 'mesma classe e mesmo campo semântico', 'mesma classe e campo semântico diferente', 'mesma classe e mesmo campo semântico', 'mesma classe e mesmo campo semântico', '-', 'mesma classe e mesmo campo semântico', 'mesma classe e mesmo campo semântico', 'mesma classe e mesmo campo semântico', 'mesma classe e mesmo campo semântico', 'mesma classe e mesmo campo semântico']",08:07,08:25,"[1.0, 1.0, 1.0, 1.0, 1.0, 0.0, 1.0, 0.5, 1.0, 1.0, 1.0, 1.0, 0.5, 1.0, 1.0, 0.5, 0.0, 0.5, 0.0, 0.5, 1.0, 0.5, 0.5, 0.0, 1.0, 1.0, 0.5, 1.0, 1.0, 0.0, 1.0, 1.0, 1.0, 1.0, 1.0]","['exata', 'aceitavel', 'aceitavel', 'grafia_incorreta', 'aceitavel', 'erro', 'grafia_incorreta', 'classe_correta', 'aceitavel', 'exata', 'aceitavel', 'exata', 'classe_correta', 'aceitavel', 'exata', 'classe_correta', 'branco', 'classe_correta', 'erro', 'classe_correta', 'aceitavel', 'classe_correta', 'classe_correta', 'erro', 'aceitavel', 'exata', 'classe_correta', 'grafia_incorreta', 'aceitavel', 'erro', 'grafia_incorreta', 'exata', 'aceitavel', 'aceitavel', 'aceitavel']",6,4,12,8,4,1,74.286
EST_156,CODAP,8,A,O dia em que os jacarés invadiram a cidade,"['são', 'tem', 'usam', 'assustem', 'com', 'pequenos', 'grandes', 'acustumam', 'jacare', 'jacarés', 'chegam', 'é', 'estão', 'atacam', 'são', 'tem', 'grandes', 'tem', 'os', 'atacam', 'correm', 'mordem', 'pequenos', 'grandes', 'ficam', 'alimentaram', 'são', 'jacarezinho', 'jacare', 'grandes', 'assustem', 'se', 'jacares', 'se', 'descer']","['mesma classe e mesmo campo semântico', 'mesma classe e campo semântico diferente', 'mesma classe e mesmo campo semântico', 'mesma classe e campo semântico diferente', '-', '-', '-', 'mesma classe e campo semântico diferente', '-', '-', 'mesma classe e campo semântico diferente', 'mesma classe e mesmo campo semântico', 'mesma classe e campo semântico diferente', 'mesma classe e mesmo campo semântico', 'mesma classe e mesmo campo semântico', 'mesma classe e campo semântico diferente', '-', 'mesma classe e campo semântico diferente', '-', 'mesma classe e mesmo campo semântico', 'mesma classe e campo semântico diferente', 'mesma classe e campo semântico diferente', '-', '-', 'mesma classe e campo semântico diferente', '-', 'mesma classe e campo semântico diferente', '-', '-', '-', 'mesma classe e campo semântico diferente', '-', '-', '-', 'mesma classe e mesmo campo semântico']",08:15,08:26,"[1.0, 0.5, 0.5, 0.5, 0.0, 0.0, 0.0, 0.5, 0.0, 0.0, 0.5, 1.0, 0.5, 1.0, 0.5, 0.5, 0.0, 0.5, 0.0, 1.0, 0.5, 0.5, 0.0, 0.0, 0.5, 1.0, 0.5, 0.0, 0.0, 0.0, 1.0, 0.0, 0.0, 0.0, 0.5]","['aceitavel', 'classe_correta', 'classe_correta', 'classe_correta', 'erro', 'erro', 'erro', 'classe_correta', 'erro', 'erro', 'classe_correta', 'aceitavel', 'classe_correta', 'aceitavel', 'classe_correta', 'classe_correta', 'erro', 'classe_correta', 'erro', 'aceitavel', 'classe_correta', 'classe_correta', 'erro', 'erro', 'classe_correta', 'aceitavel', 'classe_correta', 'erro', 'erro', 'erro', 'aceitavel', 'erro', 'erro', 'erro', 'classe_correta']",0,0,6,14,15,0,37.143
EST_157,CODAP,8,A,O dia em que os jacarés invadiram a cidade,"['eram', 'jogavam', 'devão', 'machucasem', 'era', 'jogado', 'soltos', 'passou', 'mudava', 'ficou', 'foi', 'era', 'passavam', 'comia', 'é', 'tinha', 'crocodilos', 'ficou', 'os', 'tomavam', 'morreram', 'foram', 'sedo', 'maior', 'criaram', 'fizeram', 'melhorava', 'comecaram', 'atacar', 'com', 'machucasem', 'fizeram', 'protetores', 'para', 'era']","['mesma classe e mesmo campo semântico', 'mesma classe e mesmo campo semântico', 'mesma classe e mesmo campo semântico', 'mesma classe e mesmo campo semântico', 'mesma classe e mesmo campo semântico', '-', '-', 'mesma classe e campo semântico diferente', 'mesma classe e mesmo campo semântico', 'mesma classe e mesmo campo semântico', 'mesma classe e campo semântico diferente', 'mesma classe e mesmo campo semântico', 'mesma classe e campo semântico diferente', 'mesma classe e mesmo campo semântico', 'mesma classe e mesmo campo semântico', 'mesma classe e campo semântico diferente', '-', 'mesma classe e campo semântico diferente', '-', 'mesma classe e mesmo campo semântico', 'mesma classe e campo semântico diferente', 'mesma classe e campo semântico diferente', '-', '-', 'mesma classe e mesmo campo semântico', '-', 'mesma classe e campo semântico diferente', 'mesma classe e campo semântico diferente', 'mesma classe e mesmo campo semântico', '-', 'mesma classe e mesmo campo semântico', 'mesma classe e campo semântico diferente', '-', '-', 'mesma classe e mesmo campo semântico']",08:15,08:40,"[1.0, 0.5, 0.5, 1.0, 1.0, 0.5, 0.5, 0.5, 1.0, 1.0, 0.5, 1.0, 0.5, 0.5, 1.0, 0.5, 0.0, 0.5, 0.0, 1.0, 1.0, 0.5, 0.5, 0.0, 1.0, 0.5, 0.5, 1.0, 1.0, 0.0, 1.0, 0.5, 0.0, 0.0, 1.0]","['exata', 'classe_correta', 'classe_correta', 'grafia_incorreta', 'aceitavel', 'classe_correta', 'classe_correta', 'classe_correta', 'aceitavel', 'aceitavel', 'classe_correta', 'exata', 'classe_correta', 'classe_correta', 'aceitavel', 'classe_correta', 'erro', 'classe_correta', 'erro', 'aceitavel', 'aceitavel', 'classe_correta', 'classe_correta', 'erro', 'aceitavel', 'classe_correta', 'classe_correta', 'grafia_incorreta', 'aceitavel', 'erro', 'grafia_incorreta', 'classe_correta', 'erro', 'erro', 'aceitavel']",2,3,9,15,6,0,61.429
