discente,ano,turma,texto,respostas,data,tempo_inicial,tempo_final,lemma_pos,avaliacao_lacunas,percentual_acerto,compreensao,velocidade
EST_002,7,B,Inseguranças no uso das redes sociais,"['melhora', 'Facilidade', 'todo', 'o', 'desgraças', 'principais', 'E', 'pessoais', 'pessoas', 'são', 'sendo', 'muita', 'divulgação', 'arquivos', 'preocupação', 'informações', 'de', 'redes', 'conseguem', 'verdade', 'Isso', 'e', 'de', 'locais', 'sociais', 'mudança', 'Medos', 'ter', 'redes', 'depressão', 'com', 'de', 'pelos', 'informações', 'devem', 'uso', 'as']",29-02-2024,07:55,08:28,"[('melhora', 'NOUN'), ('facilidade', 'NOUN'), ('todo', 'DET'), ('o', 'DET'), ('desgraça', 'NOUN'), ('principal', 'ADJ'), ('e', 'CCONJ'), ('pessoal', 'NOUN'), ('pessoa', 'NOUN'), ('ser', 'AUX'), ('ser', 'AUX'), ('muito', 'DET'), ('divulgação', 'NOUN'), ('arquivo', 'NOUN'), ('preocupação', 'NOUN'), ('informação', 'NOUN'), ('de', 'ADP'), ('rede', 'NOUN'), ('conseguir', 'VERB'), ('verdade', 'NOUN'), ('isso', 'PRON'), ('e', 'CCONJ'), ('de', 'ADP'), ('local', 'NOUN'), ('social', 'ADJ'), ('mudança', 'NOUN'), ('medo', 'NOUN'), ('ter', 'VERB'), ('rede', 'NOUN'), ('depressão', 'NOUN'), ('com', 'ADP'), ('de', 'ADP'), ('por o', 'ADP'), ('informação', 'NOUN'), ('dever', 'VERB'), ('uso', 'NOUN'), ('o', 'DET')]","[0.915, 0.899, 1, 0.522, 0.997, 1, 0, 1, 0.691, 1, 1, 0.88, 0.994, 0.873, 1, 1, 1, 1, 0.667, 0.571, 1, 1, 0.602, 0.638, 1, 0.99, 0.971, 0.933, 1, 1, 1, 1, 0, 0.986, 0.994, 1, 0.5]",45.94594594594595,85.46790390209495,33.0
EST_003,7,A,Inseguranças no uso das redes sociais,"['tecnologia', '-', '-', 'o', 'dificuldade', 'muitas', 'e', 'pessoais', 'coisas', 'seram', 'sendo', 'muita', 'vasação', '-', 'coisa', 'informações', 'de', 'redes', 'conseguimos', 'verdeiro', 'mais', 'é', '-', '-', 'publicas', 'atividade', '-', 'ter', 'redes', 'depresão', 'com', 'de', 'por', 'atividades', 'devem', 'assunto', 'nas']",29-02-2024,08:03,08:25,"[('tecnologia', 'NOUN'), ('-', 'PUNCT'), ('-', 'PUNCT'), ('o', 'DET'), ('dificuldade', 'NOUN'), ('muito', 'DET'), ('e', 'CCONJ'), ('pessoal', 'NOUN'), ('coisa', 'NOUN'), ('ser', 'VERB'), ('ser', 'AUX'), ('muito', 'DET'), ('vasação', 'NOUN'), ('-', 'PUNCT'), ('coisa', 'NOUN'), ('informação', 'NOUN'), ('de', 'ADP'), ('rede', 'NOUN'), ('conseguir', 'VERB'), ('verdeiro', 'NOUN'), ('mais', 'ADV'), ('ser', 'AUX'), ('-', 'PUNCT'), ('-', 'PUNCT'), ('publico', 'ADJ'), ('atividade', 'NOUN'), ('-', 'PUNCT'), ('ter', 'VERB'), ('rede', 'NOUN'), ('depresão', 'NOUN'), ('com', 'ADP'), ('de', 'ADP'), ('por', 'ADP'), ('atividade', 'NOUN'), ('dever', 'VERB'), ('assunto', 'NOUN'), ('em o', 'ADP')]","[0.905, 0, 0, 0.522, 0.998, 0, 0, 1, 0.795, 0, 1, 0.88, 0.983, 0, 0.981, 1, 1, 1, 1, 0.75, 0, 0, 0, 0, 0.712, 0.836, 0, 0.933, 1, 0.875, 1, 1, 0, 0.863, 0.994, 0.848, 0.667]",24.324324324324326,60.91846959279464,22.0
EST_006,7,A,Inseguranças no uso das redes sociais,"['capacidade', 'rapides', 'todo', 'com', 'desgraças', 'grandes', 'pelo', 'privados', 'vezes', 'forão', 'sendo', 'muita', 'propagação', 'senhas', 'situação', 'notícias', 'de', 'redes', 'podendo', 'real', 'isso', 'e', 'de', 'autoridades', 'sociais', 'onda', 'falhas', 'ter', 'redes', 'depressão', 'com', 'de', 'pelas', 'informações', 'podem', 'uso', 'das']",29-02-2024,08:03,08:24,"[('capacidade', 'NOUN'), ('rapide', 'NOUN'), ('todo', 'DET'), ('com', 'ADP'), ('desgraça', 'NOUN'), ('grande', 'ADJ'), ('por o', 'ADP'), ('privado', 'ADJ'), ('vez', 'NOUN'), ('for', 'VERB'), ('ser', 'AUX'), ('muito', 'DET'), ('propagação', 'NOUN'), ('senha', 'NOUN'), ('situação', 'NOUN'), ('notícia', 'NOUN'), ('de', 'ADP'), ('rede', 'NOUN'), ('poder', 'VERB'), ('Real', 'NOUN'), ('isso', 'PRON'), ('e', 'CCONJ'), ('de', 'ADP'), ('autoridade', 'NOUN'), ('social', 'ADJ'), ('onda', 'NOUN'), ('falha', 'NOUN'), ('ter', 'VERB'), ('rede', 'NOUN'), ('depressão', 'NOUN'), ('com', 'ADP'), ('de', 'ADP'), ('por o', 'ADP'), ('informação', 'NOUN'), ('poder', 'VERB'), ('uso', 'NOUN'), ('de o', 'ADP')]","[0.6, 0.922, 1, 0, 0.997, 0.64, 0.7, 0, 1, 0, 1, 0.88, 0.986, 1, 0.951, 0.923, 1, 1, 0.991, 0, 0.75, 1, 0.602, 0.988, 1, 0.773, 0.909, 0.933, 1, 1, 1, 1, 0, 0.986, 0.994, 1, 1]",40.54054054054054,79.79643277219826,21.0
EST_009,7,B,Inseguranças no uso das redes sociais,"['função', 'função', 'nosso', 'o', 'mudanças', 'muitas', 'e', 'também', 'coisas', 'serão', 'sendo', 'muita', 'rede', 'conversas', 'preocupação', 'coisas', 'de', '-', 'é', 'verdadeiro', 'e', 'ou', 'da', 'preoculpação', 'sociais', 'coisas', 'brigas', 'ter', 'redes', 'depressão', 'com', 'tem', 'com', 'informações', 'não', 'dever', 'muitas']",29-02-2024,07:55,08:20,"[('função', 'NOUN'), ('função', 'NOUN'), ('nosso', 'DET'), ('o', 'DET'), ('mudança', 'NOUN'), ('muito', 'DET'), ('e', 'CCONJ'), ('também', 'ADV'), ('coisa', 'NOUN'), ('ser', 'AUX'), ('ser', 'AUX'), ('muito', 'DET'), ('rede', 'NOUN'), ('conversa', 'NOUN'), ('preocupação', 'NOUN'), ('coisa', 'NOUN'), ('de', 'ADP'), ('-', 'PUNCT'), ('ser', 'AUX'), ('verdadeiro', 'ADJ'), ('e', 'CCONJ'), ('ou', 'CCONJ'), ('de o', 'ADP'), ('preoculpação', 'NOUN'), ('social', 'ADJ'), ('coisa', 'NOUN'), ('briga', 'NOUN'), ('ter', 'VERB'), ('rede', 'NOUN'), ('depressão', 'NOUN'), ('com', 'ADP'), ('ter', 'VERB'), ('com', 'ADP'), ('informação', 'NOUN'), ('não', 'ADV'), ('dever', 'VERB'), ('muito', 'DET')]","[0.811, 0.596, 0.91, 0.522, 0.993, 0, 0, 0, 0.795, 0.6, 1, 0.88, 0.5, 0.972, 1, 0.989, 1, 0, 0, 1, 0, 0.978, 0.623, 0.984, 1, 0.977, 0.981, 0.933, 1, 1, 1, 0, 0, 0.986, 0, 0, 0]",21.62162162162162,62.24420773016439,25.0
EST_014,7,A,Inseguranças no uso das redes sociais,"['forma', 'forma', 'todo', 'nosso', 'diversões', 'diversos', 'entretanto', 'privados', 'vezes', 'são', 'sendo', 'diversas', '-', '-', 'coisa', 'informações', 'de', 'redes', 'podemos', 'verdadeiro', 'isso', 'com', 'de', '-', 'sociais', 'forma', 'sentimentos', 'ser', 'redes', 'depressão', 'com', 'de', '-', 'informações', '-', '-', '-']",29-02-2024,08:03,08:28,"[('forma', 'NOUN'), ('forma', 'NOUN'), ('todo', 'DET'), ('nosso', 'DET'), ('diversão', 'NOUN'), ('diverso', 'ADJ'), ('entretanto', 'CCONJ'), ('privado', 'ADJ'), ('vez', 'NOUN'), ('ser', 'AUX'), ('ser', 'AUX'), ('diverso', 'DET'), ('-', 'PUNCT'), ('-', 'PUNCT'), ('coisa', 'NOUN'), ('informação', 'NOUN'), ('de', 'ADP'), ('rede', 'NOUN'), ('poder', 'VERB'), ('verdadeiro', 'ADJ'), ('isso', 'PRON'), ('com', 'ADP'), ('de', 'ADP'), ('-', 'PUNCT'), ('social', 'ADJ'), ('forma', 'NOUN'), ('sentimento', 'NOUN'), ('ser', 'AUX'), ('rede', 'NOUN'), ('depressão', 'NOUN'), ('com', 'ADP'), ('de', 'ADP'), ('-', 'PUNCT'), ('informação', 'NOUN'), ('-', 'PUNCT'), ('-', 'PUNCT'), ('-', 'PUNCT')]","[0.832, 0.627, 1, 0.968, 0.997, 0.955, 0, 0, 1, 1, 1, 0.777, 0, 0, 0.981, 1, 1, 1, 0.991, 1, 0.75, 0, 0.602, 0, 1, 0.617, 0.919, 0, 1, 1, 1, 1, 0, 0.986, 0, 0, 0]",37.83783783783784,64.87140009532104,25.0
EST_021,7,B,Inseguranças no uso das redes sociais,"['ação', 'facilidade', 'todo', 'esse', 'dificuldade', 'muitas', 'como', 'usado', 'vezes', 'são', 'sendo', 'uma', 'coleta', 'dados', 'preocupação', 'contas', 'no', 'redes', 'sabemos', 'verdadeiro', 'as', 'graves', 'de', 'jovens', 'sociais', 'sensação', 'traumas', 'buscar', 'redes', 'depressão', 'com', 'de', 'por', 'dados', 'devem', 'perigo', 'falsas']",29-02-2024,07:55,08:15,"[('ação', 'NOUN'), ('facilidade', 'NOUN'), ('todo', 'DET'), ('esse', 'DET'), ('dificuldade', 'NOUN'), ('muito', 'DET'), ('como', 'ADP'), ('usar', 'VERB'), ('vez', 'NOUN'), ('ser', 'AUX'), ('ser', 'AUX'), ('um', 'DET'), ('coleta', 'NOUN'), ('dado', 'NOUN'), ('preocupação', 'NOUN'), ('conta', 'NOUN'), ('em o', 'ADP'), ('rede', 'NOUN'), ('saber', 'VERB'), ('verdadeiro', 'ADJ'), ('o', 'DET'), ('grave', 'ADJ'), ('de', 'ADP'), ('jovem', 'NOUN'), ('social', 'ADJ'), ('sensação', 'NOUN'), ('trauma', 'NOUN'), ('buscar', 'VERB'), ('rede', 'NOUN'), ('depressão', 'NOUN'), ('com', 'ADP'), ('de', 'ADP'), ('por', 'ADP'), ('dado', 'NOUN'), ('dever', 'VERB'), ('perigo', 'NOUN'), ('falso', 'ADJ')]","[0.939, 0.899, 1, 1, 0.998, 0, 0.5, 0, 1, 1, 1, 1, 0.981, 0.978, 1, 0.991, 0.696, 1, 0.995, 1, 0, 0, 0.602, 0.973, 1, 1, 0.985, 0.829, 1, 1, 1, 1, 0, 1, 0.994, 0.639, 0]",43.24324324324324,78.37248819905358,20.0
EST_022,7,B,Inseguranças no uso das redes sociais,"['internet', 'forma', 'todo', 'o', 'inseguranças', 'maiores', 'usamos', 'coletados', 'vezes', 'são', 'sendo', 'muita', 'coleta', 'dados', 'preocupação', 'notícias', 'no', 'redes', 'sabem', 'verdade', 'Como', 'e', 'mentais', 'preocupação', 'sociais', 'forma', 'elogios', 'criar', 'rede', 'preocupação', 'com', 'de', 'e', 'dados', 'devem', 'uso', 'das']",29-02-2024,07:55,08:15,"[('Internet', 'PROPN'), ('forma', 'NOUN'), ('todo', 'DET'), ('o', 'DET'), ('insegurança', 'NOUN'), ('grande', 'ADJ'), ('usar', 'VERB'), ('coletar', 'VERB'), ('vez', 'NOUN'), ('ser', 'AUX'), ('ser', 'AUX'), ('muito', 'DET'), ('coleta', 'NOUN'), ('dado', 'NOUN'), ('preocupação', 'NOUN'), ('notícia', 'NOUN'), ('em o', 'ADP'), ('rede', 'NOUN'), ('saber', 'VERB'), ('verdade', 'NOUN'), ('como', 'SCONJ'), ('e', 'CCONJ'), ('mental', 'ADJ'), ('preocupação', 'NOUN'), ('social', 'ADJ'), ('forma', 'NOUN'), ('elogio', 'NOUN'), ('criar', 'VERB'), ('rede', 'NOUN'), ('preocupação', 'NOUN'), ('com', 'ADP'), ('de', 'ADP'), ('e', 'CCONJ'), ('dado', 'NOUN'), ('dever', 'VERB'), ('uso', 'NOUN'), ('de o', 'ADP')]","[0, 0.627, 1, 0.522, 1, 0.64, 0, 0, 1, 1, 1, 0.88, 0.981, 0.978, 1, 0.923, 0.696, 1, 0.995, 0.571, 0, 1, 0, 0.978, 1, 0.617, 0.993, 0.638, 0.75, 0.994, 1, 1, 1, 1, 0.994, 1, 1]",40.54054054054054,77.77706233575996,20.0
EST_028,7,B,Inseguranças no uso das redes sociais,"['maneira', 'forma', 'todo', 'esse', 'complicações', 'seguintes', 'É', 'pessoais', 'vezes', 'são', 'sendo', 'uma', 'divulgação', 'cpf', 'preocupação', 'noticias', 'do', 'redes', 'conseguimos', 'real', 'isso', 'e', 'a', 'moral', 'sociais', 'crise', 'insegurança', 'ser', 'redes', 'depressão', 'com', 'de', 'por', 'dados', 'devem', 'uso', 'das']",29-02-2024,07:55,08:03,"[('maneira', 'NOUN'), ('forma', 'NOUN'), ('todo', 'DET'), ('esse', 'DET'), ('complicação', 'NOUN'), ('seguinte', 'ADJ'), ('ser', 'AUX'), ('pessoal', 'NOUN'), ('vez', 'NOUN'), ('ser', 'AUX'), ('ser', 'AUX'), ('um', 'DET'), ('divulgação', 'NOUN'), ('cpf', 'PROPN'), ('preocupação', 'NOUN'), ('noticia', 'NOUN'), ('de o', 'ADP'), ('rede', 'NOUN'), ('conseguir', 'VERB'), ('Real', 'NOUN'), ('isso', 'PRON'), ('e', 'CCONJ'), ('a', 'ADP'), ('moral', 'NOUN'), ('social', 'ADJ'), ('crise', 'NOUN'), ('insegurança', 'NOUN'), ('ser', 'AUX'), ('rede', 'NOUN'), ('depressão', 'NOUN'), ('com', 'ADP'), ('de', 'ADP'), ('por', 'ADP'), ('dado', 'NOUN'), ('dever', 'VERB'), ('uso', 'NOUN'), ('de o', 'ADP')]","[0.958, 0.627, 1, 1, 0.741, 0.956, 0, 1, 1, 1, 1, 1, 0.994, 0, 1, 0.648, 0.5, 1, 1, 0, 0.75, 1, 0.865, 0.791, 1, 0.984, 0.995, 0, 1, 1, 1, 1, 0, 1, 0.994, 1, 1]",54.054054054054056,80.5464698333998,8.0
EST_029,7,A,Inseguranças no uso das redes sociais,"['falta', 'insegurança', 'nosso', 'o', 'dúvidas', 'nossas', 'e', 'usados', 'pessoas', 'são', 'sendo', 'nossa', 'privacidade', 'dados', 'preocupação', 'informações', 'do', 'redes', 'podemos', 'verdadeiro', 'isso', 'e', 'a', 'etc', 'sociais', 'grande', '-', 'criar', 'redes', 'depressão', 'com', 'de', 'e', 'imagens', 'devem', 'conteudo', 'as']",29-02-2024,08:03,08:16,"[('falta', 'NOUN'), ('insegurança', 'NOUN'), ('nosso', 'DET'), ('o', 'DET'), ('dúvida', 'NOUN'), ('nosso', 'DET'), ('e', 'CCONJ'), ('usar', 'VERB'), ('pessoa', 'NOUN'), ('ser', 'AUX'), ('ser', 'AUX'), ('nosso', 'DET'), ('privacidade', 'NOUN'), ('dado', 'NOUN'), ('preocupação', 'NOUN'), ('informação', 'NOUN'), ('de o', 'ADP'), ('rede', 'NOUN'), ('poder', 'VERB'), ('verdadeiro', 'ADJ'), ('isso', 'PRON'), ('e', 'CCONJ'), ('a', 'ADP'), ('etc', 'CCONJ'), ('social', 'ADJ'), ('grande', 'ADJ'), ('-', 'PUNCT'), ('criar', 'VERB'), ('rede', 'NOUN'), ('depressão', 'NOUN'), ('com', 'ADP'), ('de', 'ADP'), ('e', 'CCONJ'), ('imagem', 'NOUN'), ('dever', 'VERB'), ('conteudo', 'NOUN'), ('o', 'DET')]","[0.945, 0.996, 0.91, 0.522, 0.996, 0, 0, 0, 0.691, 1, 1, 0.899, 0.912, 0.978, 1, 1, 0.5, 1, 0.991, 1, 0.75, 1, 0.865, 0, 1, 0, 0, 0.638, 1, 1, 1, 1, 1, 0.563, 0.994, 0.602, 0.5]",37.83783783783784,73.65216687724396,13.0
EST_031,7,B,Inseguranças no uso das redes sociais,"['rede', 'maneira', 'todo', 'esse', 'inseguranças', 'maiores', 'Com', 'pessoais', 'vezes', 'serão', 'sendo', 'uma', 'divulgação', 'golpes', 'divulgação', 'informações', 'de', 'redes', 'conseguir', 'verdadeiro', 'isso', 'juridicos', 'morais', 'emocionais', 'sociais', 'insegurança', 'traumas', 'ter', 'redes', 'depressão', 'com', 'de', 'e', 'dados', 'além', 'uso', 'das']",29-02-2024,07:55,08:13,"[('rede', 'NOUN'), ('maneira', 'NOUN'), ('todo', 'DET'), ('esse', 'DET'), ('insegurança', 'NOUN'), ('grande', 'ADJ'), ('com', 'ADP'), ('pessoal', 'NOUN'), ('vez', 'NOUN'), ('ser', 'AUX'), ('ser', 'AUX'), ('um', 'DET'), ('divulgação', 'NOUN'), ('golpe', 'NOUN'), ('divulgação', 'NOUN'), ('informação', 'NOUN'), ('de', 'ADP'), ('rede', 'NOUN'), ('conseguir', 'VERB'), ('verdadeiro', 'ADJ'), ('isso', 'PRON'), ('juridico', 'ADJ'), ('moral', 'ADJ'), ('emocional', 'ADJ'), ('social', 'ADJ'), ('insegurança', 'NOUN'), ('trauma', 'NOUN'), ('ter', 'VERB'), ('rede', 'NOUN'), ('depressão', 'NOUN'), ('com', 'ADP'), ('de', 'ADP'), ('e', 'CCONJ'), ('dado', 'NOUN'), ('além', 'ADV'), ('uso', 'NOUN'), ('de o', 'ADP')]","[0.763, 0.923, 1, 1, 1, 0.64, 1, 1, 1, 0.6, 1, 1, 0.994, 0.96, 0.997, 1, 1, 1, 0.667, 1, 0.75, 0, 0, 0, 1, 0.997, 0.985, 0.933, 1, 1, 1, 1, 1, 1, 0, 1, 1]",59.45945945945946,84.3528588827666,18.0
EST_034,7,A,Inseguranças no uso das redes sociais,"['possibilidade', 'possibilidade', 'todo', 'o', 'inseguranças', 'maiores', 'com', '-', 'vezes', 'são', 'sendo', 'muitas', '-', 'privacidades', 'preocupação', 'informações', 'de', 'redes', 'consegue', 'real', 'e', 'horriveis', 'grandes', '-', 'sociais', 'extrema', 'muito', 'mostrar', 'redes', 'depressão', 'com', 'na', 'informação', 'perfis', 'devem', 'respeito', 'muitas']",29-02-2024,08:03,08:15,"[('possibilidade', 'NOUN'), ('possibilidade', 'NOUN'), ('todo', 'DET'), ('o', 'DET'), ('insegurança', 'NOUN'), ('grande', 'ADJ'), ('com', 'ADP'), ('-', 'PUNCT'), ('vez', 'NOUN'), ('ser', 'AUX'), ('ser', 'AUX'), ('muito', 'DET'), ('-', 'PUNCT'), ('privacidade', 'NOUN'), ('preocupação', 'NOUN'), ('informação', 'NOUN'), ('de', 'ADP'), ('rede', 'NOUN'), ('conseguir', 'VERB'), ('Real', 'NOUN'), ('e', 'CCONJ'), ('horrivel', 'ADJ'), ('grande', 'ADJ'), ('-', 'PUNCT'), ('social', 'ADJ'), ('extremo', 'ADJ'), ('muito', 'ADV'), ('mostrar', 'VERB'), ('rede', 'NOUN'), ('depressão', 'NOUN'), ('com', 'ADP'), ('em o', 'ADP'), ('informação', 'NOUN'), ('perfi', 'NOUN'), ('dever', 'VERB'), ('respeito', 'NOUN'), ('muito', 'DET')]","[0.538, 1, 1, 0.522, 1, 0.64, 0.667, 0, 1, 1, 1, 0.88, 0, 0.965, 1, 1, 1, 1, 0.5, 0, 0, 0, 0, 0, 1, 0, 0, 0.687, 1, 1, 1, 0.696, 0, 0.992, 0.994, 0.571, 0]",40.54054054054054,61.221180518757365,12.0
EST_035,7,B,Inseguranças no uso das redes sociais,"['forma', 'forma', 'todo', 'esse', 'prejudicações', 'muitas', 'Do', 'pessoais', 'delas', 'são', 'cendo', 'muita', 'tecnologia', 'dados', 'preocupações', 'publicações', 'de', 'redes', 'sabermos', 'verdadeiro', 'isso', 'e', 'na', 'lugares', 'sociais', 'mais', 'sempre', 'ter', 'redes', 'depressão', 'com', 'de', 'e', 'dados', 'tenque', 'ussos', 'das']",29-02-2024,07:55,08:10,"[('forma', 'NOUN'), ('forma', 'NOUN'), ('todo', 'DET'), ('esse', 'DET'), ('prejudicação', 'NOUN'), ('muito', 'DET'), ('de o', 'ADP'), ('pessoal', 'NOUN'), ('de elas', 'PRON'), ('ser', 'AUX'), ('cer', 'VERB'), ('muito', 'DET'), ('tecnologia', 'NOUN'), ('dado', 'NOUN'), ('preocupação', 'NOUN'), ('publicação', 'NOUN'), ('de', 'ADP'), ('rede', 'NOUN'), ('saber', 'VERB'), ('verdadeiro', 'ADJ'), ('isso', 'PRON'), ('e', 'CCONJ'), ('em o', 'ADP'), ('lugar', 'NOUN'), ('social', 'ADJ'), ('mais', 'ADV'), ('sempre', 'ADV'), ('ter', 'VERB'), ('rede', 'NOUN'), ('depressão', 'NOUN'), ('com', 'ADP'), ('de', 'ADP'), ('e', 'CCONJ'), ('dado', 'NOUN'), ('tenque', 'NOUN'), ('usso', 'NOUN'), ('de o', 'ADP')]","[0.832, 0.627, 1, 1, 0.995, 0, 0.654, 1, 0, 1, 0.8, 0.88, 0.995, 0.978, 0.75, 0.993, 1, 1, 0.995, 1, 0.75, 1, 0.875, 0.958, 1, 0, 0, 0.933, 1, 1, 1, 1, 1, 1, 0, 0.6, 1]",45.94594594594595,80.04502415657045,15.0
EST_039,7,A,Inseguranças no uso das redes sociais,"['rede', 'possibilidade', 'todo', 'o', 'mudanças', 'nossas', 'como', 'pessoais', 'vezes', 'são', 'sendo', 'nossa', 'insegurança', 'sites', 'coisa', 'pessoas', 'de', 'redes', 'conseguir', 'certo', 'e', 'como', 'danificando', 'empresas', 'sociais', 'certa', 'mais', 'ver', 'redes', 'depressão', 'com', 'de', 'por', 'dados', 'devem', 'uso', 'muitas']",29-02-2024,08:03,08:27,"[('rede', 'NOUN'), ('possibilidade', 'NOUN'), ('todo', 'DET'), ('o', 'DET'), ('mudança', 'NOUN'), ('nosso', 'DET'), ('como', 'ADP'), ('pessoal', 'NOUN'), ('vez', 'NOUN'), ('ser', 'AUX'), ('ser', 'AUX'), ('nosso', 'DET'), ('insegurança', 'NOUN'), ('site', 'NOUN'), ('coisa', 'NOUN'), ('pessoa', 'NOUN'), ('de', 'ADP'), ('rede', 'NOUN'), ('conseguir', 'VERB'), ('certo', 'DET'), ('e', 'CCONJ'), ('como', 'ADP'), ('danificar', 'VERB'), ('empresa', 'NOUN'), ('social', 'ADJ'), ('certo', 'DET'), ('mais', 'ADV'), ('ver', 'VERB'), ('rede', 'NOUN'), ('depressão', 'NOUN'), ('com', 'ADP'), ('de', 'ADP'), ('por', 'ADP'), ('dado', 'NOUN'), ('dever', 'VERB'), ('uso', 'NOUN'), ('muito', 'DET')]","[0.763, 1, 1, 0.522, 0.993, 0, 0.5, 1, 1, 1, 1, 0.899, 0.818, 0.942, 0.981, 0.98, 1, 1, 0.667, 0, 0, 0, 0, 1, 1, 0, 0, 0.748, 1, 1, 1, 1, 0, 1, 0.994, 1, 0]",43.24324324324324,69.74726781773822,24.0
EST_041,7,B,Inseguranças no uso das redes sociais,"['rede', 'forma', 'todo', 'esse', 'questões', 'mais', 'Pelo', 'e', 'coisas', 'são', 'sendo', 'alguma', 'pergunta', 'idade', 'preocupação', 'identidade', 'do', 'redes', 'sabemos', 'real', 'Isso', 'racionais', 'emocionais', 'população', 'sociais', 'questão', 'dores', 'ter', 'redes', 'depressão', 'com', 'usam', 'e', 'dados', 'devem', 'que', 'das']",29-02-2024,07:55,08:07,"[('rede', 'NOUN'), ('forma', 'NOUN'), ('todo', 'DET'), ('esse', 'DET'), ('questão', 'NOUN'), ('mais', 'ADV'), ('por o', 'ADP'), ('e', 'CCONJ'), ('coisa', 'NOUN'), ('ser', 'AUX'), ('ser', 'AUX'), ('algum', 'DET'), ('perguntar', 'VERB'), ('idade', 'NOUN'), ('preocupação', 'NOUN'), ('identidade', 'NOUN'), ('de o', 'ADP'), ('rede', 'NOUN'), ('saber', 'VERB'), ('Real', 'NOUN'), ('isso', 'PRON'), ('racional', 'ADJ'), ('emocional', 'ADJ'), ('população', 'NOUN'), ('social', 'ADJ'), ('questão', 'NOUN'), ('dor', 'NOUN'), ('ter', 'VERB'), ('rede', 'NOUN'), ('depressão', 'NOUN'), ('com', 'ADP'), ('usar', 'VERB'), ('e', 'CCONJ'), ('dado', 'NOUN'), ('dever', 'VERB'), ('que', 'SCONJ'), ('de o', 'ADP')]","[0.763, 0.627, 1, 1, 0.541, 0, 0.7, 0, 0.795, 1, 1, 0.5, 0, 0.608, 1, 0.874, 0.5, 1, 0.995, 0, 1, 0, 0, 0.981, 1, 0.523, 0.561, 0.933, 1, 1, 1, 0, 1, 1, 0.994, 0, 1]",37.83783783783784,67.28145582450404,12.0
EST_043,7,B,Inseguranças no uso das redes sociais,"['mudaçar', 'sede', 'do', 'o', 'trabalho', 'coisa', 'celular', 'é', 'pessoa', 'então', 'celular', 'muita', 'pessoas', 'privacidade', 'coisa', 'documento', 'evia', 'com', 'tem', 'documento', 'é', 'no', 'na', 'que', '-', 'nova', 'muito', 'muita', 'images', 'gente', 'com', 'da', 'pelo', 'gente', 'deve', 'possessor', 'tambem']",29-02-2024,07:55,08:09,"[('mudaçar', 'VERB'), ('sede', 'NOUN'), ('de o', 'ADP'), ('o', 'DET'), ('trabalho', 'NOUN'), ('coisa', 'NOUN'), ('celular', 'NOUN'), ('ser', 'AUX'), ('pessoa', 'NOUN'), ('então', 'ADV'), ('celular', 'NOUN'), ('muito', 'DET'), ('pessoa', 'NOUN'), ('privacidade', 'NOUN'), ('coisa', 'NOUN'), ('documento', 'NOUN'), ('evia', 'NOUN'), ('com', 'ADP'), ('ter', 'VERB'), ('documento', 'NOUN'), ('ser', 'AUX'), ('em o', 'ADP'), ('em o', 'ADP'), ('que', 'SCONJ'), ('-', 'PUNCT'), ('novo', 'ADJ'), ('muito', 'ADV'), ('muito', 'DET'), ('images', 'NOUN'), ('gente', 'NOUN'), ('com', 'ADP'), ('de o', 'ADP'), ('por o', 'ADP'), ('gente', 'NOUN'), ('dever', 'VERB'), ('possessor', 'ADJ'), ('Tambem', 'PROPN')]","[0, 0.991, 0, 0.522, 0.944, 0, 0, 0, 0.691, 0, 0, 0.88, 0.997, 0.965, 0.981, 0.97, 0, 0, 0.519, 0, 0, 0, 0.875, 0, 0, 0, 0, 0, 0.653, 0.88, 1, 0.5, 0, 0.871, 0.994, 0, 0]",2.7027027027027026,38.46297646696504,14.0
EST_045,7,A,Inseguranças no uso das redes sociais,"['rede', 'forma', '-', 'o', '-', 'suas', '-', '-', '-', '-', '-', '-', '-', '-', 'coisas', '-', '-', '-', '-', '-', '-', '-', '-', '-', 'sociais', '-', '-', 'criar', 'redes', '-', 'com', 'de', 'que', '-', 'devem', '-', 'das']",29-02-2024,08:03,08:20,"[('rede', 'NOUN'), ('forma', 'NOUN'), ('-', 'PUNCT'), ('o', 'DET'), ('-', 'PUNCT'), ('seu', 'DET'), ('-', 'PUNCT'), ('-', 'PUNCT'), ('-', 'PUNCT'), ('-', 'PUNCT'), ('-', 'PUNCT'), ('-', 'PUNCT'), ('-', 'PUNCT'), ('-', 'PUNCT'), ('coisa', 'NOUN'), ('-', 'PUNCT'), ('-', 'PUNCT'), ('-', 'PUNCT'), ('-', 'PUNCT'), ('-', 'PUNCT'), ('-', 'PUNCT'), ('-', 'PUNCT'), ('-', 'PUNCT'), ('-', 'PUNCT'), ('social', 'ADJ'), ('-', 'PUNCT'), ('-', 'PUNCT'), ('criar', 'VERB'), ('rede', 'NOUN'), ('-', 'PUNCT'), ('com', 'ADP'), ('de', 'ADP'), ('que', 'SCONJ'), ('-', 'PUNCT'), ('dever', 'VERB'), ('-', 'PUNCT'), ('de o', 'ADP')]","[0.763, 0.627, 0, 0.522, 0, 0, 0, 0, 0, 0, 0, 0, 0, 0, 0.981, 0, 0, 0, 0, 0, 0, 0, 0, 0, 1, 0, 0, 0.638, 1, 0, 1, 1, 0, 0, 0.994, 0, 1]",13.513513513513514,25.744075219373443,17.0
EST_053,7,A,Inseguranças no uso das redes sociais,"['formas', 'tecnologia', 'todo', 'esse', 'doenças', 'principais', 'com', '-', 'vezes', 'são', 'sendo', 'uma', 'segurança', 'senhas', 'preucupações', 'informações', 'do', 'redes', 'conseguimos', 'real', 'isso', 'e', 'da', 'empresas', 'sociais', '-', 'crises', 'ter', 'redes', 'depressão', 'com', 'de', 'e', 'dados', 'devem', '-', 'das']",29-02-2024,08:03,08:21,"[('forma', 'NOUN'), ('tecnologia', 'NOUN'), ('todo', 'DET'), ('esse', 'DET'), ('doença', 'NOUN'), ('principal', 'ADJ'), ('com', 'ADP'), ('-', 'PUNCT'), ('vez', 'NOUN'), ('ser', 'AUX'), ('ser', 'AUX'), ('um', 'DET'), ('segurança', 'NOUN'), ('senha', 'NOUN'), ('preucupação', 'NOUN'), ('informação', 'NOUN'), ('de o', 'ADP'), ('rede', 'NOUN'), ('conseguir', 'VERB'), ('Real', 'NOUN'), ('isso', 'PRON'), ('e', 'CCONJ'), ('de o', 'ADP'), ('empresa', 'NOUN'), ('social', 'ADJ'), ('-', 'PUNCT'), ('crise', 'NOUN'), ('ter', 'VERB'), ('rede', 'NOUN'), ('depressão', 'NOUN'), ('com', 'ADP'), ('de', 'ADP'), ('e', 'CCONJ'), ('dado', 'NOUN'), ('dever', 'VERB'), ('-', 'PUNCT'), ('de o', 'ADP')]","[0.832, 0.996, 1, 1, 0.997, 1, 0.667, 0, 1, 1, 1, 1, 1, 1, 0.667, 1, 0.5, 1, 1, 0, 0.75, 1, 0.623, 1, 1, 0, 0.99, 0.933, 1, 1, 1, 1, 1, 1, 0.994, 0, 1]",64.86486486486487,83.64488921186945,18.0
EST_057,7,A,Inseguranças no uso das redes sociais,"['rede', 'forma', '-', 'o', 'inseguransas', 'primeiras', 'com', 'pessoais', 'vezes', 'são', 'sendo', 'uma', 'utilização', 'fonte', 'coisa', 'noticias', 'de', 'redes', 'sabem', 'verdade', 'isso', 'é', 'de', 'ataques', 'sociais', '-', 'fortes', 'ter', 'redes', 'depressão', 'com', 'de', 'por', 'dados', 'devem', 'perigo', 'falsas']",29-02-2024,08:03,08:21,"[('rede', 'NOUN'), ('forma', 'NOUN'), ('-', 'PUNCT'), ('o', 'DET'), ('inseguransa', 'NOUN'), ('primeiro', 'ADJ'), ('com', 'ADP'), ('pessoal', 'NOUN'), ('vez', 'NOUN'), ('ser', 'AUX'), ('ser', 'AUX'), ('um', 'DET'), ('utilização', 'NOUN'), ('fonte', 'NOUN'), ('coisa', 'NOUN'), ('noticia', 'NOUN'), ('de', 'ADP'), ('rede', 'NOUN'), ('saber', 'VERB'), ('verdade', 'NOUN'), ('isso', 'PRON'), ('ser', 'AUX'), ('de', 'ADP'), ('ataque', 'NOUN'), ('social', 'ADJ'), ('-', 'PUNCT'), ('forte', 'ADJ'), ('ter', 'VERB'), ('rede', 'NOUN'), ('depressão', 'NOUN'), ('com', 'ADP'), ('de', 'ADP'), ('por', 'ADP'), ('dado', 'NOUN'), ('dever', 'VERB'), ('perigo', 'NOUN'), ('falso', 'ADJ')]","[0.763, 0.627, 0, 0.522, 0.917, 0.556, 0.667, 1, 1, 1, 1, 1, 0.809, 0.857, 0.981, 0.648, 1, 1, 0.995, 0.571, 0.75, 0, 0.602, 0.962, 1, 0, 0, 0.933, 1, 1, 1, 1, 0, 1, 0.994, 0.639, 0]",40.54054054054054,72.41183635517028,18.0
EST_065,7,B,Inseguranças no uso das redes sociais,"['facilidade', 'oportunidade', 'todo', 'isso ', 'precauções', 'principais', 'Nisso', 'usados', 'vezes', 'são', 'sendo', 'uma', 'privacidade', 'dados', 'preocupação', 'notícias', 'de', 'redes', 'conseguimos', 'verdadeiro', 'Isso', 'ou', 'de', 'empresas', 'sociais', 'perda', 'riscos', 'ter', 'redes', 'depressão', 'com', 'de', 'e', 'dados', 'devem', 'perigo', 'de']",29-02-2024,07:55,08:24,"[('facilidade', 'NOUN'), ('oportunidade', 'NOUN'), ('todo', 'DET'), ('isso', 'PRON'), ('precaução', 'NOUN'), ('principal', 'ADJ'), ('nisso', 'ADV'), ('usar', 'VERB'), ('vez', 'NOUN'), ('ser', 'AUX'), ('ser', 'AUX'), ('um', 'DET'), ('privacidade', 'NOUN'), ('dado', 'NOUN'), ('preocupação', 'NOUN'), ('notícia', 'NOUN'), ('de', 'ADP'), ('rede', 'NOUN'), ('conseguir', 'VERB'), ('verdadeiro', 'ADJ'), ('isso', 'PRON'), ('ou', 'CCONJ'), ('de', 'ADP'), ('empresa', 'NOUN'), ('social', 'ADJ'), ('perda', 'NOUN'), ('risco', 'NOUN'), ('ter', 'VERB'), ('rede', 'NOUN'), ('depressão', 'NOUN'), ('com', 'ADP'), ('de', 'ADP'), ('e', 'CCONJ'), ('dado', 'NOUN'), ('dever', 'VERB'), ('perigo', 'NOUN'), ('de', 'ADP')]","[1, 0.998, 1, 0, 0.998, 1, 0, 0, 1, 1, 1, 1, 0.912, 0.978, 1, 0.923, 1, 1, 1, 1, 1, 0.978, 0.602, 1, 1, 0.995, 0.955, 0.933, 1, 1, 1, 1, 1, 1, 0.994, 0.639, 0.996]",56.75675675675676,88.92190741526113,29.0
EST_071,7,B,Inseguranças no uso das redes sociais,"['mensagem', 'internet', 'rede', 'com', 'ansiedade', 'maiores', 'com', 'pessoais', 'que', 'foram', 'sendo', 'uma', 'coleta', 'contas', 'preocupação', 'contas', 'do', 'redes', 'conseguimos', 'verdadeiro', 'Também', 'como', 'da', 'preocupações', 'sociais', 'causa', 'danos', 'precisar', 'redes', 'depressão', 'com', 'da', 'para', 'dados', 'podem', 'risco', 'muitas']",29-02-2024,07:55,08:13,"[('mensagem', 'NOUN'), ('Internet', 'PROPN'), ('rede', 'NOUN'), ('com', 'ADP'), ('ansiedade', 'NOUN'), ('grande', 'ADJ'), ('com', 'ADP'), ('pessoal', 'NOUN'), ('que', 'SCONJ'), ('ser', 'AUX'), ('ser', 'AUX'), ('um', 'DET'), ('coleta', 'NOUN'), ('conta', 'NOUN'), ('preocupação', 'NOUN'), ('conta', 'NOUN'), ('de o', 'ADP'), ('rede', 'NOUN'), ('conseguir', 'VERB'), ('verdadeiro', 'ADJ'), ('também', 'ADV'), ('como', 'ADP'), ('de o', 'ADP'), ('preocupação', 'NOUN'), ('social', 'ADJ'), ('causa', 'NOUN'), ('dano', 'NOUN'), ('precisar', 'VERB'), ('rede', 'NOUN'), ('depressão', 'NOUN'), ('com', 'ADP'), ('de o', 'ADP'), ('para', 'ADP'), ('dado', 'NOUN'), ('poder', 'VERB'), ('risco', 'NOUN'), ('muito', 'DET')]","[0.92, 0, 0, 0, 0.948, 0.64, 0.667, 1, 0, 1.0, 1, 1, 0.981, 0.5, 1, 0.991, 0.5, 1, 1, 1, 0, 0, 0.623, 0.978, 1, 0.788, 0.994, 0.562, 1, 1, 1, 0.5, 0, 1, 0.994, 0.714, 0]",35.13513513513514,68.37452233911635,18.0
EST_073,7,B,Inseguranças no uso das redes sociais,"['rede', 'facilidade', 'todo', 'o', 'inseguranças', 'inseguranças', 'com', 'moveis', 'pessoas', 'são', 'sendo', 'uma', 'parte', 'fotos', 'inseguranças', 'comtas', 'de', 'rede', 'conseguimos', 'verdade', 'Tambem', 'pessoas', 'na', 'aplicativos', 'sociais', 'pessoa', 'é', 'ter', 'redes', 'depressão', 'com', 'de', 'por', 'informações', 'podem', 'uso', 'as']",29-02-2024,07:55,08:12,"[('rede', 'NOUN'), ('facilidade', 'NOUN'), ('todo', 'DET'), ('o', 'DET'), ('insegurança', 'NOUN'), ('insegurança', 'NOUN'), ('com', 'ADP'), ('movel', 'NOUN'), ('pessoa', 'NOUN'), ('ser', 'AUX'), ('ser', 'AUX'), ('um', 'DET'), ('parte', 'NOUN'), ('foto', 'NOUN'), ('insegurança', 'NOUN'), ('comta', 'NOUN'), ('de', 'ADP'), ('rede', 'NOUN'), ('conseguir', 'VERB'), ('verdade', 'NOUN'), ('tambem', 'PROPN'), ('pessoa', 'NOUN'), ('em o', 'ADP'), ('aplicativo', 'NOUN'), ('social', 'ADJ'), ('pessoa', 'NOUN'), ('ser', 'AUX'), ('ter', 'VERB'), ('rede', 'NOUN'), ('depressão', 'NOUN'), ('com', 'ADP'), ('de', 'ADP'), ('por', 'ADP'), ('informação', 'NOUN'), ('poder', 'VERB'), ('uso', 'NOUN'), ('o', 'DET')]","[0.763, 0.899, 1, 0.522, 1, 0, 0.667, 0.844, 0.691, 1, 1, 1, 0.628, 0.984, 0.998, 0.956, 1, 0.75, 1, 0.571, 0, 0, 0.875, 0.983, 1, 0.997, 0, 0.933, 1, 1, 1, 1, 0, 0.986, 0.994, 1, 0.5]",37.83783783783784,77.13480348330822,17.0
EST_075,7,A,Inseguranças no uso das redes sociais,"['prática', 'facilidade', 'todo', 'esse', 'mudanças', 'maiores', 'com', 'pessoais', 'pessoas', 'são', 'sendo', 'uma', 'invazão', 'senhas', 'situação', 'noticias', 'do', 'redes', 'conseguem', 'verdadeiro', 'isso', 'graves', 'de', 'fofocas', 'sociais', 'fobia', 'problemas', 'ser', 'redes', 'depressão', 'com', 'dessa', 'e', 'contas', 'devem', 'problema', 'das']",29-02-2024,08:03,08:37,"[('prática', 'NOUN'), ('facilidade', 'NOUN'), ('todo', 'DET'), ('esse', 'DET'), ('mudança', 'NOUN'), ('grande', 'ADJ'), ('com', 'ADP'), ('pessoal', 'NOUN'), ('pessoa', 'NOUN'), ('ser', 'AUX'), ('ser', 'AUX'), ('um', 'DET'), ('invazão', 'ADJ'), ('senha', 'NOUN'), ('situação', 'NOUN'), ('noticia', 'NOUN'), ('de o', 'ADP'), ('rede', 'NOUN'), ('conseguir', 'VERB'), ('verdadeiro', 'ADJ'), ('isso', 'PRON'), ('grave', 'ADJ'), ('de', 'ADP'), ('fofoca', 'NOUN'), ('social', 'ADJ'), ('fobia', 'NOUN'), ('problema', 'NOUN'), ('ser', 'AUX'), ('rede', 'NOUN'), ('depressão', 'NOUN'), ('com', 'ADP'), ('de esse', 'ADP'), ('e', 'CCONJ'), ('conta', 'NOUN'), ('dever', 'VERB'), ('problema', 'NOUN'), ('de o', 'ADP')]","[0.884, 0.899, 1, 1, 0.993, 0.64, 0.667, 1, 0.691, 1, 1, 1, 0, 1, 0.951, 0.648, 0.5, 1, 0.667, 1, 0.75, 0, 0.602, 0.971, 1, 0.991, 0.984, 0, 1, 1, 1, 0.994, 1, 0.986, 0.994, 0.632, 1]",45.94594594594595,82.27584523660641,34.0
EST_081,7,A,Inseguranças no uso das redes sociais,"['forma', 'possibilita', 'todo', 'o', 'inseguranças', 'grandes', 'tendo', 'pessoais', 'vezes', 'foram', 'sendo', 'muita', 'divulgação', 'localização', 'preocupação', 'informações', 'de', 'redes', 'podemos', 'verdadeiro', 'isso', 'e', 'a', 'empresas', 'sociais', 'rede', 'críticas', 'ter', 'redes', 'insegurança', 'com', 'de', 'e', 'contas', 'devem', 'uso', 'também']",29-02-2024,08:03,08:22,"[('forma', 'NOUN'), ('possibilitar', 'VERB'), ('todo', 'DET'), ('o', 'DET'), ('insegurança', 'NOUN'), ('grande', 'ADJ'), ('ter', 'AUX'), ('pessoal', 'NOUN'), ('vez', 'NOUN'), ('ser', 'AUX'), ('ser', 'AUX'), ('muito', 'DET'), ('divulgação', 'NOUN'), ('localização', 'NOUN'), ('preocupação', 'NOUN'), ('informação', 'NOUN'), ('de', 'ADP'), ('rede', 'NOUN'), ('poder', 'VERB'), ('verdadeiro', 'ADJ'), ('isso', 'PRON'), ('e', 'CCONJ'), ('a', 'ADP'), ('empresa', 'NOUN'), ('social', 'ADJ'), ('rede', 'NOUN'), ('crítica', 'NOUN'), ('ter', 'VERB'), ('rede', 'NOUN'), ('insegurança', 'NOUN'), ('com', 'ADP'), ('de', 'ADP'), ('e', 'CCONJ'), ('conta', 'NOUN'), ('dever', 'VERB'), ('uso', 'NOUN'), ('também', 'ADV')]","[0.832, 0.727, 1, 0.522, 1, 0.64, 0, 1, 1, 1.0, 1, 0.88, 0.994, 0.95, 1, 1, 1, 1, 0.991, 1, 0.75, 1, 0.865, 1, 1, 0.524, 0.995, 0.933, 1, 0.994, 1, 1, 1, 0.986, 0.994, 1, 0]",51.35135135135135,88.04686649205937,19.0
EST_083,7,A,Inseguranças no uso das redes sociais,"['criação', 'criaçâo', '-', 'o', 'duvidas', 'maiores', 'com', 'móveis', '-', 'são', 'sendo', 'uma', 'rede', '-', 'preucupação', 'informações', 'de', 'redes', 'sabemos', 'verdadeiro', 'isso', 'sérios', 'com', '-', 'sociais', 'situaçâo', 'mortes', 'fazer', 'redes', 'depressão', 'com', 'de', 'por', 'dados', 'podem', 'limite', '-']",29-02-2024,08:03,08:33,"[('criação', 'NOUN'), ('criaçâo', 'NOUN'), ('-', 'PUNCT'), ('o', 'DET'), ('duvida', 'NOUN'), ('grande', 'ADJ'), ('com', 'ADP'), ('móvel', 'NOUN'), ('-', 'PUNCT'), ('ser', 'AUX'), ('ser', 'AUX'), ('um', 'DET'), ('rede', 'NOUN'), ('-', 'PUNCT'), ('preucupação', 'NOUN'), ('informação', 'NOUN'), ('de', 'ADP'), ('rede', 'NOUN'), ('saber', 'VERB'), ('verdadeiro', 'ADJ'), ('isso', 'PRON'), ('sério', 'ADJ'), ('com', 'ADP'), ('-', 'PUNCT'), ('social', 'ADJ'), ('situaçâo', 'ADJ'), ('morte', 'NOUN'), ('fazer', 'VERB'), ('rede', 'NOUN'), ('depressão', 'NOUN'), ('com', 'ADP'), ('de', 'ADP'), ('por', 'ADP'), ('dado', 'NOUN'), ('poder', 'VERB'), ('limite', 'NOUN'), ('-', 'PUNCT')]","[0.952, 0.979, 0, 0.522, 0.997, 0.64, 0.667, 0.995, 0, 1, 1, 1, 0.5, 0, 0.909, 1, 1, 1, 0.995, 1, 0.75, 0, 0.87, 0, 1, 0.5, 0.893, 0.647, 1, 1, 1, 1, 0, 1, 0.994, 0.769, 0]",40.54054054054054,71.833984950446,30.0
EST_089,7,B,Inseguranças no uso das redes sociais,"['rede', 'forma', 'todo', 'o', 'possitividades', 'maiores', 'E', 'pessoais', 'vezes', 'são', 'sendo', 'muita', 'relação', 'fotos', 'preocupação', 'identidade', 'e', 'redes', 'sabemos', 'verdadeiro', 'Isso', 'e', 'e', 'idosos', 'sociais', 'doença', 'bem', 'ter', 'redes', 'depressão', 'com', 'de', 'por', 'informações', 'devem', 'uso', 'com']",29-02-2024,07:55,08:11,"[('rede', 'NOUN'), ('forma', 'NOUN'), ('todo', 'DET'), ('o', 'DET'), ('possitividade', 'NOUN'), ('grande', 'ADJ'), ('e', 'CCONJ'), ('pessoal', 'NOUN'), ('vez', 'NOUN'), ('ser', 'AUX'), ('ser', 'AUX'), ('muito', 'DET'), ('relação', 'NOUN'), ('foto', 'NOUN'), ('preocupação', 'NOUN'), ('identidade', 'NOUN'), ('e', 'CCONJ'), ('rede', 'NOUN'), ('saber', 'VERB'), ('verdadeiro', 'ADJ'), ('isso', 'PRON'), ('e', 'CCONJ'), ('e', 'CCONJ'), ('idoso', 'ADJ'), ('social', 'ADJ'), ('doença', 'NOUN'), ('bem', 'ADV'), ('ter', 'VERB'), ('rede', 'NOUN'), ('depressão', 'NOUN'), ('com', 'ADP'), ('de', 'ADP'), ('por', 'ADP'), ('informação', 'NOUN'), ('dever', 'VERB'), ('uso', 'NOUN'), ('com', 'ADP')]","[0.763, 0.627, 1, 0.522, 0.997, 0.64, 0, 1, 1, 1, 1, 0.88, 0.925, 0.984, 1, 0.874, 0, 1, 0.995, 1, 1, 1, 0, 0, 1, 0.997, 0, 0.933, 1, 1, 1, 1, 0, 0.986, 0.994, 1, 0.654]",43.24324324324324,77.76194320337193,16.0
EST_090,7,A,Inseguranças no uso das redes sociais,"['rede', 'forma', '-', 'o', 'sugestões', 'poucos', 'logo', 'é', 'coisas', 'preocupão', 'sendo', 'uma', 'rede', '-', 'coisa', 'informações', 'de', 'redes', 'sabemos', 'verdadeiro', 'isso', 'sérios', 'na', 'disseminação', 'sociais', '-', 'danos', 'ter', 'redes', 'depressão', 'com', 'de', 'por', 'informações', 'devem', 'uso', 'as']",29-02-2024,08:03,08:13,"[('rede', 'NOUN'), ('forma', 'NOUN'), ('-', 'PUNCT'), ('o', 'DET'), ('sugestão', 'NOUN'), ('pouco', 'DET'), ('logo', 'ADV'), ('ser', 'AUX'), ('coisa', 'NOUN'), ('Preocupão', 'NOUN'), ('ser', 'AUX'), ('um', 'DET'), ('rede', 'NOUN'), ('-', 'PUNCT'), ('coisa', 'NOUN'), ('informação', 'NOUN'), ('de', 'ADP'), ('rede', 'NOUN'), ('saber', 'VERB'), ('verdadeiro', 'ADJ'), ('isso', 'PRON'), ('sério', 'ADJ'), ('em o', 'ADP'), ('disseminação', 'NOUN'), ('social', 'ADJ'), ('-', 'PUNCT'), ('dano', 'NOUN'), ('ter', 'VERB'), ('rede', 'NOUN'), ('depressão', 'NOUN'), ('com', 'ADP'), ('de', 'ADP'), ('por', 'ADP'), ('informação', 'NOUN'), ('dever', 'VERB'), ('uso', 'NOUN'), ('o', 'DET')]","[0.763, 0.627, 0, 0.522, 0.998, 0, 0, 0, 0.795, 0, 1, 1, 0.5, 0, 0.981, 1, 1, 1, 0.995, 1, 0.75, 0, 0.875, 0.975, 1, 0, 0.994, 0.933, 1, 1, 1, 1, 0, 0.986, 0.994, 1, 0.5]",35.13513513513514,68.07192807262008,10.0
EST_092,7,A,Inseguranças no uso das redes sociais,"['facilidade', 'facilidade', 'um', 'pelo', 'inseguranças', 'maiores', 'e', 'bancarios', 'pessoas', 'podem', 'sendo', 'um', 'uma', 'dados', 'coisa', 'pessoas', 'de', 'redes', 'podem', 'verdadeiro', 'tambem', 'e', 'serios', 'sites', 'elas', 'parte', 'ansiedade', 'ter', 'redes', 'depressão', 'com', 'de', 'por', 'dados', 'devem', 'uso', 'muitas']",29-02-2024,08:03,08:18,"[('facilidade', 'NOUN'), ('facilidade', 'NOUN'), ('um', 'DET'), ('por o', 'ADP'), ('insegurança', 'NOUN'), ('grande', 'ADJ'), ('e', 'CCONJ'), ('bancario', 'NOUN'), ('pessoa', 'NOUN'), ('poder', 'VERB'), ('ser', 'AUX'), ('um', 'DET'), ('um', 'DET'), ('dado', 'NOUN'), ('coisa', 'NOUN'), ('pessoa', 'NOUN'), ('de', 'ADP'), ('rede', 'NOUN'), ('poder', 'VERB'), ('verdadeiro', 'ADJ'), ('Tambem', 'PROPN'), ('e', 'CCONJ'), ('serio', 'NOUN'), ('site', 'NOUN'), ('ele', 'PRON'), ('parte', 'NOUN'), ('ansiedade', 'NOUN'), ('ter', 'VERB'), ('rede', 'NOUN'), ('depressão', 'NOUN'), ('com', 'ADP'), ('de', 'ADP'), ('por', 'ADP'), ('dado', 'NOUN'), ('dever', 'VERB'), ('uso', 'NOUN'), ('muito', 'DET')]","[1, 0.899, 0.925, 0, 1, 0.64, 0, 0.997, 0.691, 0, 1, 0.5, 0, 0.978, 0.981, 0.98, 1, 1, 0.991, 1, 0, 1, 0, 0.94, 0, 0.65, 0.954, 0.933, 1, 1, 1, 1, 0, 1, 0.994, 1, 0]",35.13513513513514,70.41177791518135,15.0
EST_100,7,B,Inseguranças no uso das redes sociais,"['segurança', 'posibilidade', 'entre', 'esse', 'desvantagens', 'insegurança', 'e', 'tem', 'deles', 'são', 'sendo', 'outras', 'insegurança', 'as', 'preocupação', 'notícias', 'do', 'redes', 'tem', 'verdadeiro', 'tambem', 'com', 'que', 'individos', 'sociais', 'falsa', 'queixa', 'ter', 'redes', 'depressão', 'com', 'tem', 'com', 'coisas', 'pode', 'uso', 'falsas']",29-02-2024,07:55,08:14,"[('segurança', 'NOUN'), ('posibilidade', 'NOUN'), ('entre', 'ADP'), ('esse', 'DET'), ('desvantagem', 'NOUN'), ('insegurança', 'NOUN'), ('e', 'CCONJ'), ('ter', 'VERB'), ('de ele', 'PRON'), ('ser', 'AUX'), ('ser', 'AUX'), ('outro', 'DET'), ('insegurança', 'NOUN'), ('o', 'DET'), ('preocupação', 'NOUN'), ('notícia', 'NOUN'), ('de o', 'ADP'), ('rede', 'NOUN'), ('ter', 'VERB'), ('verdadeiro', 'ADJ'), ('Tambem', 'PROPN'), ('com', 'ADP'), ('que', 'SCONJ'), ('indivir', 'VERB'), ('social', 'ADJ'), ('falso', 'ADJ'), ('queixa', 'NOUN'), ('ter', 'VERB'), ('rede', 'NOUN'), ('depressão', 'NOUN'), ('com', 'ADP'), ('ter', 'VERB'), ('com', 'ADP'), ('coisa', 'NOUN'), ('poder', 'VERB'), ('uso', 'NOUN'), ('falso', 'ADJ')]","[0.878, 0.917, 0, 1, 0.997, 0, 0, 0, 0.6, 1, 1, 0.94, 0.818, 0, 1, 0.923, 0.5, 1, 0.519, 1, 0, 0, 0, 0, 1, 0, 0.982, 0.933, 1, 1, 1, 0, 0, 0.984, 0.994, 1, 0]",29.72972972972973,59.418846039768134,19.0
EST_101,7,B,Inseguranças no uso das redes sociais,"['internete', 'rede', 'todo', 'pra', 'cituações', 'mas', 'no', 'porem', 'pessoas', 'da', 'publicadas', 'muinta', 'publicação', 'as', 'preocupação', 'redes', 'de', 'redes', 'podemos', 'verdadeiro', 'porem', 'tragicos', 'de', 'blogueiros', 'sociais', 'tecnologia', 'muinto', 'ver', 'redes', 'depressão', 'com', 'fizeram', 'por', 'redes', 'podem', 'uso ', 'publica']",29-02-2024,07:55,08:11,"[('internete', 'ADJ'), ('rede', 'NOUN'), ('todo', 'DET'), ('pra', 'ADP'), ('cituação', 'NOUN'), ('mas', 'CCONJ'), ('em o', 'ADP'), ('por', 'AUX'), ('pessoa', 'NOUN'), ('de o', 'ADP'), ('publicar', 'VERB'), ('muinto', 'ADJ'), ('publicação', 'NOUN'), ('o', 'DET'), ('preocupação', 'NOUN'), ('rede', 'NOUN'), ('de', 'ADP'), ('rede', 'NOUN'), ('poder', 'VERB'), ('verdadeiro', 'ADJ'), ('por', 'AUX'), ('tragico', 'NOUN'), ('de', 'ADP'), ('blogueiro', 'NOUN'), ('social', 'ADJ'), ('tecnologia', 'NOUN'), ('Muinto', 'ADJ'), ('ver', 'VERB'), ('rede', 'NOUN'), ('depressão', 'NOUN'), ('com', 'ADP'), ('fazer', 'VERB'), ('por', 'ADP'), ('rede', 'NOUN'), ('poder', 'VERB'), ('uso', 'NOUN'), ('publicar', 'VERB')]","[0, 0.536, 1, 0, 0.908, 0, 0.932, 0, 0.691, 0, 0, 0, 0.969, 0, 1, 0.637, 1, 1, 0.991, 1, 0, 0, 0.602, 0.985, 1, 0.997, 0, 0.748, 1, 1, 1, 0, 0, 0.573, 0.994, 0.75, 0]",27.027027027027028,54.89501113827164,16.0
EST_106,7,A,Inseguranças no uso das redes sociais,"['rede', 'forma', 'todo', 'o', 'mudanças', 'maiores', 'e', 'pessoais', 'coisas', 'são', 'sendo', 'muitas', 'redes', 'redes', 'preocupação', 'informações', 'de', 'redes', 'são', 'verdadeiro', 'até', 'pessoais', 'de', '-', 'sociais', 'fase', 'preocupação', 'cada', 'redes', 'depressão', 'com', 'de', 'para', 'informações', 'devem', 'uso', 'as']",29-02-2024,08:03,08:27,"[('rede', 'NOUN'), ('forma', 'NOUN'), ('todo', 'DET'), ('o', 'DET'), ('mudança', 'NOUN'), ('grande', 'ADJ'), ('e', 'CCONJ'), ('pessoal', 'NOUN'), ('coisa', 'NOUN'), ('ser', 'AUX'), ('ser', 'AUX'), ('muito', 'DET'), ('rede', 'NOUN'), ('rede', 'NOUN'), ('preocupação', 'NOUN'), ('informação', 'NOUN'), ('de', 'ADP'), ('rede', 'NOUN'), ('ser', 'AUX'), ('verdadeiro', 'ADJ'), ('até', 'ADV'), ('pessoal', 'NOUN'), ('de', 'ADP'), ('-', 'PUNCT'), ('social', 'ADJ'), ('fase', 'NOUN'), ('preocupação', 'NOUN'), ('cada', 'DET'), ('rede', 'NOUN'), ('depressão', 'NOUN'), ('com', 'ADP'), ('de', 'ADP'), ('para', 'ADP'), ('informação', 'NOUN'), ('dever', 'VERB'), ('uso', 'NOUN'), ('o', 'DET')]","[0.763, 0.627, 1, 0.522, 0.993, 0.64, 0, 1, 0.795, 1, 1, 0.88, 0.5, 0.649, 1, 1, 1, 1, 0, 1, 0, 0, 0.602, 0, 1, 0.888, 0.997, 0, 1, 1, 1, 1, 0, 0.986, 0.994, 1, 0.5]",40.54054054054054,71.17675971340488,24.0
EST_109,7,B,Inseguranças no uso das redes sociais,"['rede', 'possibilidade', 'todo', 'esse', 'negatividade', 'causas', 'tanto', 'sociais', 'vezes', 'são', 'sendo', 'muita', 'privacidade', 'dados', 'preocupação', 'contas', 'no', 'redes', 'podemos', 'real', 'isso', 'problemáticos', 'de', 'trabalho', 'sociais', 'fonte', 'erros', 'conseguir', 'redes', 'desepero', 'com', 'de', 'e', 'dados', 'devem', 'conceito', 'certas']",29-02-2024,07:55,08:05,"[('rede', 'NOUN'), ('possibilidade', 'NOUN'), ('todo', 'DET'), ('esse', 'DET'), ('negatividade', 'NOUN'), ('causa', 'NOUN'), ('tanto', 'ADV'), ('social', 'ADJ'), ('vez', 'NOUN'), ('ser', 'AUX'), ('ser', 'AUX'), ('muito', 'DET'), ('privacidade', 'NOUN'), ('dado', 'NOUN'), ('preocupação', 'NOUN'), ('conta', 'NOUN'), ('em o', 'ADP'), ('rede', 'NOUN'), ('poder', 'VERB'), ('Real', 'NOUN'), ('isso', 'PRON'), ('problemático', 'ADJ'), ('de', 'ADP'), ('trabalho', 'NOUN'), ('social', 'ADJ'), ('fonte', 'NOUN'), ('erro', 'NOUN'), ('conseguir', 'VERB'), ('rede', 'NOUN'), ('deseperar', 'VERB'), ('com', 'ADP'), ('de', 'ADP'), ('e', 'CCONJ'), ('dado', 'NOUN'), ('dever', 'VERB'), ('conceito', 'NOUN'), ('certo', 'DET')]","[0.763, 1, 1, 1, 0.957, 0, 0, 0, 1, 1, 1, 0.88, 0.912, 0.978, 1, 0.991, 0.696, 1, 0.991, 0, 0.75, 0, 0.602, 0.971, 1, 0.774, 0.947, 0.531, 1, 0, 1, 1, 1, 1, 0.994, 0.703, 0]",40.54054054054054,74.16016675330496,10.0
EST_112,7,B,Inseguranças no uso das redes sociais,"['forma', 'forma', 'todo', 'o', 'informações', 'principais', 'Durante', 'pessoais', 'vezes', 'são', 'sendo', 'muitas', 'privacidade', 'comunicação', 'forma', 'publicações', 'para', 'redes', 'conseguimos', 'verdadeiro', 'Isso', 'como', 'a', 'comunicação', 'sociais', 'forma', 'bem', 'usar', 'redes', 'depressão', 'com', 'de', 'para', 'informações', 'devem', 'uso', 'as']",29-02-2024,07:55,08:09,"[('forma', 'NOUN'), ('forma', 'NOUN'), ('todo', 'DET'), ('o', 'DET'), ('informação', 'NOUN'), ('principal', 'ADJ'), ('durante', 'ADP'), ('pessoal', 'NOUN'), ('vez', 'NOUN'), ('ser', 'AUX'), ('ser', 'AUX'), ('muito', 'DET'), ('privacidade', 'NOUN'), ('comunicação', 'NOUN'), ('forma', 'NOUN'), ('publicação', 'NOUN'), ('para', 'ADP'), ('rede', 'NOUN'), ('conseguir', 'VERB'), ('verdadeiro', 'ADJ'), ('isso', 'PRON'), ('como', 'ADP'), ('a', 'ADP'), ('comunicação', 'NOUN'), ('social', 'ADJ'), ('forma', 'NOUN'), ('bem', 'ADV'), ('usar', 'VERB'), ('rede', 'NOUN'), ('depressão', 'NOUN'), ('com', 'ADP'), ('de', 'ADP'), ('para', 'ADP'), ('informação', 'NOUN'), ('dever', 'VERB'), ('uso', 'NOUN'), ('o', 'DET')]","[0.832, 0.627, 1, 0.522, 0.986, 1, 0.553, 1, 1, 1, 1, 0.88, 0.912, 0.977, 0.632, 0.993, 0.986, 1, 1, 1, 1, 0, 0.865, 0.978, 1, 0.617, 0, 0.919, 1, 1, 1, 1, 0, 0.986, 0.994, 1, 0.5]",43.24324324324324,83.13204714575329,14.0
EST_116,7,B,Inseguranças no uso das redes sociais,"['facilidade', 'possibilidade', 'certo', 'esse', 'inseguranças', 'maiores', 'Pois', 'acecivo', 'vezes', 'são', 'sendo', 'muita', 'privacidade', 'senhas', 'preocupação', 'informações', 'do', 'redes', 'conseguimos', 'verdadeiro', 'Isso', 'ou', 'da', 'insegurança', 'sociais', 'crise', 'danos', 'ter', 'redes', 'insegurança', 'com', 'de', 'sobre', 'dados', 'devem', 'uso', 'as']",29-02-2024,07:55,08:17,"[('facilidade', 'NOUN'), ('possibilidade', 'NOUN'), ('certo', 'DET'), ('esse', 'DET'), ('insegurança', 'NOUN'), ('grande', 'ADJ'), ('pois', 'ADV'), ('acecivo', 'VERB'), ('vez', 'NOUN'), ('ser', 'AUX'), ('ser', 'AUX'), ('muito', 'DET'), ('privacidade', 'NOUN'), ('senha', 'NOUN'), ('preocupação', 'NOUN'), ('informação', 'NOUN'), ('de o', 'ADP'), ('rede', 'NOUN'), ('conseguir', 'VERB'), ('verdadeiro', 'ADJ'), ('isso', 'PRON'), ('ou', 'CCONJ'), ('de o', 'ADP'), ('insegurança', 'NOUN'), ('social', 'ADJ'), ('crise', 'NOUN'), ('dano', 'NOUN'), ('ter', 'VERB'), ('rede', 'NOUN'), ('insegurança', 'NOUN'), ('com', 'ADP'), ('de', 'ADP'), ('sobre', 'ADP'), ('dado', 'NOUN'), ('dever', 'VERB'), ('uso', 'NOUN'), ('o', 'DET')]","[1, 1, 0.838, 1, 1, 0.64, 0, 0, 1, 1, 1, 0.88, 0.912, 1, 1, 1, 0.5, 1, 1, 1, 1, 0.978, 0.623, 0.977, 1, 0.984, 0.994, 0.933, 1, 0.994, 1, 1, 0, 1, 0.994, 1, 0.5]",54.054054054054056,85.80078058951611,22.0
EST_126,7,A,Inseguranças no uso das redes sociais,"['forma', 'forma', 'todo', 'o', 'problemas', 'tais', 'pois', 'meio', 'vezes', 'foram', 'sendo', 'uma', 'segurança', 'contas', 'forma', 'contas', 'do', 'redes', 'podem', 'verdadeiro', 'elas', 'ou', 'na', 'empresas', 'sociais', 'forma', 'formas', 'usar', 'redes', 'decepção', 'com', 'criaram', 'por', 'dados', 'devem', 'uso', 'também']",29-02-2024,08:03,08:20,"[('forma', 'NOUN'), ('forma', 'NOUN'), ('todo', 'DET'), ('o', 'DET'), ('problema', 'NOUN'), ('tal', 'DET'), ('pois', 'SCONJ'), ('meio', 'ADV'), ('vez', 'NOUN'), ('ser', 'AUX'), ('ser', 'AUX'), ('um', 'DET'), ('segurança', 'NOUN'), ('conta', 'NOUN'), ('forma', 'NOUN'), ('conta', 'NOUN'), ('de o', 'ADP'), ('rede', 'NOUN'), ('poder', 'VERB'), ('verdadeiro', 'ADJ'), ('ele', 'PRON'), ('ou', 'CCONJ'), ('em o', 'ADP'), ('empresa', 'NOUN'), ('social', 'ADJ'), ('forma', 'NOUN'), ('forma', 'NOUN'), ('usar', 'VERB'), ('rede', 'NOUN'), ('decepção', 'NOUN'), ('com', 'ADP'), ('criar', 'VERB'), ('por', 'ADP'), ('dado', 'NOUN'), ('dever', 'VERB'), ('uso', 'NOUN'), ('também', 'ADV')]","[0.832, 0.627, 1, 0.522, 0.977, 0, 0, 0, 1, 1.0, 1, 1, 1, 0.5, 0.632, 0.991, 0.5, 1, 0.991, 1, 0.515, 0.978, 0.875, 1, 1, 0.617, 0.666, 0.919, 1, 0.5, 1, 0, 0, 1, 0.994, 1, 0]",35.13513513513514,71.99476428128577,17.0
EST_128,7,A,Inseguranças no uso das redes sociais,"['fonte', 'facilidade', 'todo', 'esse', 'mudanças', 'nossas', 'e', 'pessoais', 'coisas', 'são', 'sendo', 'algumas', 'clonagem', 'fake', '-', 'informações', 'de', 'redes', 'sabemos', 'verdadeiro', '-', '-', '-', '-', 'sociais', '-', '-', 'usar', 'redes', '-', 'com', 'de', 'e', 'dados', 'devem', 'uso', 'todas']",29-02-2024,08:03,08:19,"[('fonte', 'NOUN'), ('facilidade', 'NOUN'), ('todo', 'DET'), ('esse', 'DET'), ('mudança', 'NOUN'), ('nosso', 'DET'), ('e', 'CCONJ'), ('pessoal', 'NOUN'), ('coisa', 'NOUN'), ('ser', 'AUX'), ('ser', 'AUX'), ('algum', 'DET'), ('clonagem', 'NOUN'), ('Fake', 'NOUN'), ('-', 'PUNCT'), ('informação', 'NOUN'), ('de', 'ADP'), ('rede', 'NOUN'), ('saber', 'VERB'), ('verdadeiro', 'ADJ'), ('-', 'PUNCT'), ('-', 'PUNCT'), ('-', 'PUNCT'), ('-', 'PUNCT'), ('social', 'ADJ'), ('-', 'PUNCT'), ('-', 'PUNCT'), ('usar', 'VERB'), ('rede', 'NOUN'), ('-', 'PUNCT'), ('com', 'ADP'), ('de', 'ADP'), ('e', 'CCONJ'), ('dado', 'NOUN'), ('dever', 'VERB'), ('uso', 'NOUN'), ('todo', 'DET')]","[0.919, 0.899, 1, 1, 0.993, 0, 0, 1, 0.795, 1, 1, 0.922, 0.899, 0.531, 0, 1, 1, 1, 0.995, 1, 0, 0, 0, 0, 1, 0, 0, 0.919, 1, 0, 1, 1, 1, 1, 0.994, 1, 0.6]",43.24324324324324,68.82717358099447,16.0
EST_129,7,B,Inseguranças no uso das redes sociais,"['ligação', 'internete', 'todo', 'esse', 'falhas', 'maiores', 'Tambêm', 'pessoais', 'nois', 'são', 'sendo', 'muito', 'parte', 'fotos', 'preocupação', 'informaçoes', 'de', 'redes', 'consegue', 'verdadeiro', 'Isso', 'e', 'na', 'impresas', 'sociais', 'ansiedade', 'depresão', 'ter', 'redes', 'depressão', 'com', 'de', 'por', 'dados', 'a', 'uso', 'as']",29-02-2024,07:55,08:13,"[('ligação', 'NOUN'), ('internete', 'ADJ'), ('todo', 'DET'), ('esse', 'DET'), ('falha', 'NOUN'), ('grande', 'ADJ'), ('tambêm', 'ADV'), ('pessoal', 'NOUN'), ('nois', 'PROPN'), ('ser', 'AUX'), ('ser', 'AUX'), ('muito', 'ADV'), ('parte', 'NOUN'), ('foto', 'NOUN'), ('preocupação', 'NOUN'), ('informaçoe', 'NOUN'), ('de', 'ADP'), ('rede', 'NOUN'), ('conseguir', 'VERB'), ('verdadeiro', 'ADJ'), ('isso', 'PRON'), ('e', 'CCONJ'), ('em o', 'ADP'), ('impresa', 'NOUN'), ('social', 'ADJ'), ('ansiedade', 'NOUN'), ('depresão', 'NOUN'), ('ter', 'VERB'), ('rede', 'NOUN'), ('depressão', 'NOUN'), ('com', 'ADP'), ('de', 'ADP'), ('por', 'ADP'), ('dado', 'NOUN'), ('a', 'ADP'), ('uso', 'NOUN'), ('o', 'DET')]","[0.757, 0, 1, 1, 0.895, 0.64, 0, 1, 0, 1, 1, 0, 0.628, 0.984, 1, 0.909, 1, 1, 0.5, 1, 1, 1, 0.875, 0.875, 1, 0.939, 0.997, 0.933, 1, 1, 1, 1, 0, 1, 0, 1, 0.5]",48.64864864864865,76.84326949078563,18.0
EST_138,7,B,Inseguranças no uso das redes sociais,"['tecnologia', 'internet', 'redes', 'como', 'coisas', 'mais', 'do', 'pessoais', 'coisas', 'são', 'sendo', 'muitas', 'paginas', 'contas', 'coisa', 'coisas', 'de', 'redes', 'conseguimos', 'real', 'também', 'como', 'de', '-', 'sociais', 'pagina', 'redes', 'usar', 'redes', 'depressão', 'com', 'de', 'por', 'celular', 'devem', 'que', 'dar']",29-02-2024,07:55,08:06,"[('tecnologia', 'NOUN'), ('Internet', 'PROPN'), ('rede', 'NOUN'), ('como', 'ADP'), ('coisa', 'NOUN'), ('mais', 'ADV'), ('de o', 'ADP'), ('pessoal', 'NOUN'), ('coisa', 'NOUN'), ('ser', 'AUX'), ('ser', 'AUX'), ('muito', 'DET'), ('pagina', 'NOUN'), ('conta', 'NOUN'), ('coisa', 'NOUN'), ('coisa', 'NOUN'), ('de', 'ADP'), ('rede', 'NOUN'), ('conseguir', 'VERB'), ('Real', 'NOUN'), ('também', 'ADV'), ('como', 'ADP'), ('de', 'ADP'), ('-', 'PUNCT'), ('social', 'ADJ'), ('pagina', 'NOUN'), ('rede', 'NOUN'), ('usar', 'VERB'), ('rede', 'NOUN'), ('depressão', 'NOUN'), ('com', 'ADP'), ('de', 'ADP'), ('por', 'ADP'), ('celular', 'NOUN'), ('dever', 'VERB'), ('que', 'SCONJ'), ('dar', 'VERB')]","[0.905, 0, 0, 0, 0.982, 0, 0.654, 1, 0.795, 1, 1, 0.88, 0.982, 0.5, 0.981, 0.989, 1, 1, 1, 0, 0, 0, 0.602, 0, 1, 0.985, 0.573, 0.919, 1, 1, 1, 1, 0, 0.566, 0.994, 0, 0.667]",29.72972972972973,64.78950292140514,11.0
EST_141,7,A,Inseguranças no uso das redes sociais,"['rede', '-', 'todo', 'o', 'preucações', 'unicas', 'do', 'celulares', 'veses', 'é', 'sendo', 'muita', 'divercidades', '-', 'coisa', 'amisade', 'de', 'redes', '-', '-', 'nos', '-', '-', '-', 'sociais', 'nova', 'ate', 'uso', 'rede', '-', 'com', 'das', 'por', 'coisas', '-', '-', '-']",29-02-2024,08:03,08:31,"[('rede', 'NOUN'), ('-', 'PUNCT'), ('todo', 'DET'), ('o', 'DET'), ('preucação', 'NOUN'), ('unico', 'NOUN'), ('de o', 'ADP'), ('celular', 'NOUN'), ('vese', 'NOUN'), ('ser', 'AUX'), ('ser', 'AUX'), ('muito', 'DET'), ('divercidades', 'VERB'), ('-', 'PUNCT'), ('coisa', 'NOUN'), ('amisade', 'NOUN'), ('de', 'ADP'), ('rede', 'NOUN'), ('-', 'PUNCT'), ('-', 'PUNCT'), ('em o', 'ADP'), ('-', 'PUNCT'), ('-', 'PUNCT'), ('-', 'PUNCT'), ('social', 'ADJ'), ('novo', 'ADJ'), ('ate', 'PROPN'), ('uso', 'NOUN'), ('rede', 'NOUN'), ('-', 'PUNCT'), ('com', 'ADP'), ('de o', 'ADP'), ('por', 'ADP'), ('coisa', 'NOUN'), ('-', 'PUNCT'), ('-', 'PUNCT'), ('-', 'PUNCT')]","[0.763, 0, 1, 0.522, 0.987, 0, 0.654, 0.532, 0.8, 1.0, 1, 0.88, 0, 0, 0.981, 0.978, 1, 1, 0, 0, 0, 0, 0, 0, 1, 0, 0, 0, 0.75, 0, 1, 0.996, 0, 0.984, 0, 0, 0]",16.216216216216218,45.477423603470264,28.0
EST_143,7,A,Inseguranças no uso das redes sociais,"['forma', 'forma', 'todo', 'o', 'distrações', 'grandes', 'também', 'pessoais', 'coisas', 'são', 'sendo', 'uma', 'insegurança', 'também', 'coisa', 'propagandas', 'de', 'redes', 'sinto', 'verdade', 'você', 'ou', 'de', 'robôs', 'sociais', 'imagem', 'também', 'criar', 'redes', 'estresse', 'com', 'são', 'por', 'dados', 'devem', 'uso', 'essas']",29-02-2024,08:03,08:29,"[('forma', 'NOUN'), ('forma', 'NOUN'), ('todo', 'DET'), ('o', 'DET'), ('distração', 'NOUN'), ('grande', 'ADJ'), ('também', 'ADV'), ('pessoal', 'NOUN'), ('coisa', 'NOUN'), ('ser', 'AUX'), ('ser', 'AUX'), ('um', 'DET'), ('insegurança', 'NOUN'), ('também', 'ADV'), ('coisa', 'NOUN'), ('propaganda', 'NOUN'), ('de', 'ADP'), ('rede', 'NOUN'), ('sinto', 'VERB'), ('verdade', 'NOUN'), ('você', 'PRON'), ('ou', 'CCONJ'), ('de', 'ADP'), ('robô', 'NOUN'), ('social', 'ADJ'), ('imagem', 'NOUN'), ('também', 'ADV'), ('criar', 'VERB'), ('rede', 'NOUN'), ('estresse', 'NOUN'), ('com', 'ADP'), ('ser', 'AUX'), ('por', 'ADP'), ('dado', 'NOUN'), ('dever', 'VERB'), ('uso', 'NOUN'), ('esse', 'DET')]","[0.832, 0.627, 1, 0.522, 0.976, 0.64, 0, 1, 0.795, 1, 1, 1, 0.818, 0, 0.981, 0.932, 1, 1, 0.996, 0.571, 0.77, 0.978, 0.602, 0.641, 1, 0.512, 0, 0.638, 1, 0.993, 1, 0, 0, 1, 0.994, 1, 0]",32.432432432432435,72.48275748174538,26.0
EST_152,7,B,Inseguranças no uso das redes sociais,"['maneiro', 'juntar', 'todo', 'esse', 'inseguranças', 'reais', 'Para', 'pessoais', 'vezes', 'são', 'sendo', 'muitas', 'crecimento', 'dados', 'coisa', 'informações', 'de', 'redes', 'se', 'verdadeiro', 'Que', 'como', 'da', 'roubar', 'sociais', 'grande', 'ansiedade', 'ter', 'redes', 'depressão', 'com', 'de', 'para', 'dados', 'tem', 'uso', 'apagar']",29-02-2024,07:55,08:26,"[('maneiro', 'NOUN'), ('juntar', 'VERB'), ('todo', 'DET'), ('esse', 'DET'), ('insegurança', 'NOUN'), ('real', 'ADJ'), ('para', 'ADP'), ('pessoal', 'NOUN'), ('vez', 'NOUN'), ('ser', 'AUX'), ('ser', 'AUX'), ('muito', 'DET'), ('crecimento', 'NOUN'), ('dado', 'NOUN'), ('coisa', 'NOUN'), ('informação', 'NOUN'), ('de', 'ADP'), ('rede', 'NOUN'), ('se', 'SCONJ'), ('verdadeiro', 'ADJ'), ('que', 'SCONJ'), ('como', 'ADP'), ('de o', 'ADP'), ('roubar', 'VERB'), ('social', 'ADJ'), ('grande', 'ADJ'), ('ansiedade', 'NOUN'), ('ter', 'VERB'), ('rede', 'NOUN'), ('depressão', 'NOUN'), ('com', 'ADP'), ('de', 'ADP'), ('para', 'ADP'), ('dado', 'NOUN'), ('ter', 'VERB'), ('uso', 'NOUN'), ('apagar', 'VERB')]","[0.952, 0, 1, 1, 1, 0.524, 0.685, 1, 1, 1, 1, 0.88, 0.914, 0.978, 0.981, 1, 1, 1, 0, 1, 0, 0, 0.623, 0, 1, 0, 0.954, 0.933, 1, 1, 1, 1, 0, 1, 0.55, 1, 0]",48.64864864864865,72.90350437164305,31.0
EST_154,7,B,Inseguranças no uso das redes sociais,"['falta', 'dificudade', 'todo', 'o', 'inseguranças', 'é', 'do', 'e', 'vezes', 'são', 'sendo', 'informação', 'privacidade', 'conta', 'coisa', 'contas', 'de', 'redes', 'conseguimos', 'golpe', 'e', 'e', 'a', 'informação', 'sociais', 'conta', 'muitas', 'criar', 'redes', 'insegurança', 'com', 'de', 'e', 'informação', 'podem', 'que', 'as']",29-02-2024,07:55,08:13,"[('falta', 'NOUN'), ('dificudade', 'NOUN'), ('todo', 'DET'), ('o', 'DET'), ('insegurança', 'NOUN'), ('ser', 'AUX'), ('de o', 'ADP'), ('e', 'CCONJ'), ('vez', 'NOUN'), ('ser', 'AUX'), ('ser', 'AUX'), ('informação', 'NOUN'), ('privacidade', 'NOUN'), ('contar', 'VERB'), ('coisa', 'NOUN'), ('conta', 'NOUN'), ('de', 'ADP'), ('rede', 'NOUN'), ('conseguir', 'VERB'), ('golpe', 'NOUN'), ('e', 'CCONJ'), ('e', 'CCONJ'), ('a', 'ADP'), ('informação', 'NOUN'), ('social', 'ADJ'), ('contar', 'VERB'), ('muito', 'DET'), ('criar', 'VERB'), ('rede', 'NOUN'), ('insegurança', 'NOUN'), ('com', 'ADP'), ('de', 'ADP'), ('e', 'CCONJ'), ('informação', 'NOUN'), ('poder', 'VERB'), ('que', 'SCONJ'), ('o', 'DET')]","[0.945, 0.997, 1, 0.522, 1, 0, 0.654, 0, 1, 1, 1, 0, 0.912, 0, 0.981, 0.991, 1, 1, 1, 0, 0, 1, 0.865, 0.986, 1, 0, 0, 0.638, 1, 0.994, 1, 1, 1, 0.986, 0.994, 0, 0.5]",37.83783783783784,70.17227358914711,18.0
EST_157,7,A,Inseguranças no uso das redes sociais,"['ajuda', 'possibilidade', 'todo', 'o', 'desvantagem', 'maiores', 'é', 'bancarios', 'pessoas', 'são', 'sendo', 'uma', 'coleta', 'senhas', 'preocupação', 'noticias', 'de', 'redes', 'conseguem', 'verdade', 'como', 'de', 'de', 'famosos', 'sociais', 'crise', 'grandes', 'divulgar', 'redes', 'depresão', 'com', 'de', 'pelas', 'algumas', 'deve', 'uso', 'as']",29-02-2024,08:03,08:16,"[('ajudar', 'VERB'), ('possibilidade', 'NOUN'), ('todo', 'DET'), ('o', 'DET'), ('desvantagem', 'NOUN'), ('grande', 'ADJ'), ('ser', 'AUX'), ('bancario', 'NOUN'), ('pessoa', 'NOUN'), ('ser', 'AUX'), ('ser', 'AUX'), ('um', 'DET'), ('coleta', 'NOUN'), ('senha', 'NOUN'), ('preocupação', 'NOUN'), ('noticia', 'NOUN'), ('de', 'ADP'), ('rede', 'NOUN'), ('conseguir', 'VERB'), ('verdade', 'NOUN'), ('como', 'ADP'), ('de', 'ADP'), ('de', 'ADP'), ('famoso', 'ADJ'), ('social', 'ADJ'), ('crise', 'NOUN'), ('grande', 'ADJ'), ('divulgar', 'VERB'), ('rede', 'NOUN'), ('depresão', 'NOUN'), ('com', 'ADP'), ('de', 'ADP'), ('por o', 'ADP'), ('algum', 'DET'), ('dever', 'VERB'), ('uso', 'NOUN'), ('o', 'DET')]","[0, 1, 1, 0.522, 0.997, 0.64, 0, 0.997, 0.691, 1, 1, 1, 0.981, 1, 1, 0.648, 1, 1, 0.667, 0.571, 0, 0.5, 0.602, 0, 1, 0.984, 0, 0.505, 1, 0.875, 1, 1, 0, 0, 0.994, 1, 0.5]",37.83783783783784,69.38854481531078,13.0
EST_164,7,A,Inseguranças no uso das redes sociais,"['rede', 'capacidade', 'todo', 'o', 'inseguranças', 'principais', 'e', 'utilizados', 'preocupações', 'foram', 'sendo', 'muitas', 'coleta', 'dados', 'preocupação', 'noticias', 'de', 'redes', 'conseguimos', 'verdadeiro', 'também', 'e', 'a', 'site', 'cociais', 'forte', 'inseguranças', 'colocar', 'redes', 'depressão', 'com', 'de', 'e', 'dados', 'precisão', 'uso', 'e']",29-02-2024,08:03,08:37,"[('rede', 'NOUN'), ('capacidade', 'NOUN'), ('todo', 'DET'), ('o', 'DET'), ('insegurança', 'NOUN'), ('principal', 'ADJ'), ('e', 'CCONJ'), ('utilizar', 'VERB'), ('preocupação', 'NOUN'), ('ser', 'AUX'), ('ser', 'AUX'), ('muito', 'DET'), ('coleta', 'NOUN'), ('dado', 'NOUN'), ('preocupação', 'NOUN'), ('noticia', 'NOUN'), ('de', 'ADP'), ('rede', 'NOUN'), ('conseguir', 'VERB'), ('verdadeiro', 'ADJ'), ('também', 'ADV'), ('e', 'CCONJ'), ('a', 'ADP'), ('site', 'NOUN'), ('cocial', 'NOUN'), ('forte', 'ADJ'), ('insegurança', 'NOUN'), ('colocar', 'VERB'), ('rede', 'NOUN'), ('depressão', 'NOUN'), ('com', 'ADP'), ('de', 'ADP'), ('e', 'CCONJ'), ('dado', 'NOUN'), ('precisão', 'NOUN'), ('uso', 'NOUN'), ('e', 'CCONJ')]","[0.763, 0.983, 1, 0.522, 1, 1, 0, 0, 0.702, 1.0, 1, 0.88, 0.981, 0.978, 1, 0.648, 1, 1, 1, 1, 0, 1, 0.865, 0.94, 0.857, 0, 0.995, 0.928, 1, 1, 1, 1, 1, 1, 0.75, 1, 0]",45.94594594594595,80.51738544205442,34.0
EST_170,7,B,Inseguranças no uso das redes sociais,"['facilidade', 'capacidade', 'todo', 'o', 'complicações', 'muitas', 'capacita', 'constantemente', 'coisas', 'são', 'sendo', 'uma', 'veracidade', 'jornais', 'preocupação', 'informações', 'do', 'redes', 'conseguir', 'verdadeiro', 'muito', 'e', 'a', 'lojas', 'levam', 'forte', 'ataque', 'pessoas', 'redes', 'depressão', 'com', 'de', 'por', 'informações', 'podem', 'uso', 'as']",29-02-2024,07:55,08:11,"[('facilidade', 'NOUN'), ('capacidade', 'NOUN'), ('todo', 'DET'), ('o', 'DET'), ('complicação', 'NOUN'), ('muito', 'DET'), ('capacitar', 'VERB'), ('constantemente', 'ADV'), ('coisa', 'NOUN'), ('ser', 'AUX'), ('ser', 'AUX'), ('um', 'DET'), ('veracidade', 'NOUN'), ('jornal', 'NOUN'), ('preocupação', 'NOUN'), ('informação', 'NOUN'), ('de o', 'ADP'), ('rede', 'NOUN'), ('conseguir', 'VERB'), ('verdadeiro', 'ADJ'), ('muito', 'ADV'), ('e', 'CCONJ'), ('a', 'ADP'), ('loja', 'NOUN'), ('levar', 'VERB'), ('forte', 'ADJ'), ('ataque', 'NOUN'), ('pessoa', 'NOUN'), ('rede', 'NOUN'), ('depressão', 'NOUN'), ('com', 'ADP'), ('de', 'ADP'), ('por', 'ADP'), ('informação', 'NOUN'), ('poder', 'VERB'), ('uso', 'NOUN'), ('o', 'DET')]","[1, 0.983, 1, 0.522, 0.741, 0, 0, 0, 0.795, 1, 1, 1, 0.94, 0.965, 1, 1, 0.5, 1, 0.667, 1, 0, 1, 0.865, 0.936, 0, 0, 0.947, 0, 1, 1, 1, 1, 0, 0.986, 0.994, 1, 0.5]",40.54054054054054,71.18684643292212,16.0
EST_172,7,B,Inseguranças no uso das redes sociais,"['informações', 'preocupações', 'redes', 'está', 'Privacidade', 'outras', 'é', 'pessoais', 'outras', 'foram', 'sendo', 'uma', 'privacidade', 'preocupações', 'maneiras', 'informações', 'da', 'redes', 'está', 'privacidade', 'informações', 'preocupações', 'pessoais', 'outras', 'sociais', 'pagina', 'maneiras', 'parsa', 'redes', 'depreção', 'com', 'de', 'é', 'redes', 'como', 'uso', 'outras']",29-02-2024,07:55,08:17,"[('informação', 'NOUN'), ('preocupação', 'NOUN'), ('rede', 'NOUN'), ('estar', 'AUX'), ('privacidade', 'NOUN'), ('outro', 'DET'), ('ser', 'AUX'), ('pessoal', 'NOUN'), ('outro', 'DET'), ('ser', 'AUX'), ('ser', 'AUX'), ('um', 'DET'), ('privacidade', 'NOUN'), ('preocupação', 'NOUN'), ('maneira', 'NOUN'), ('informação', 'NOUN'), ('de o', 'ADP'), ('rede', 'NOUN'), ('estar', 'AUX'), ('privacidade', 'NOUN'), ('informação', 'NOUN'), ('preocupação', 'NOUN'), ('pessoal', 'NOUN'), ('outro', 'DET'), ('social', 'ADJ'), ('pagina', 'NOUN'), ('maneira', 'NOUN'), ('parsa', 'NOUN'), ('rede', 'NOUN'), ('depreção', 'NOUN'), ('com', 'ADP'), ('de', 'ADP'), ('ser', 'AUX'), ('rede', 'NOUN'), ('como', 'ADP'), ('uso', 'NOUN'), ('outro', 'DET')]","[0.938, 0.998, 0, 0.5, 0.931, 0, 0, 1, 0, 1.0, 1, 1, 0.912, 0.975, 0.925, 1, 0.5, 1, 0, 0, 0, 0, 0, 0, 1, 0.985, 0.939, 0, 1, 0.75, 1, 1, 0, 0.573, 0, 1, 0]",27.027027027027028,56.5570252650493,22.0
EST_182,7,A,Inseguranças no uso das redes sociais,"['criação', 'abilidade', '-', '-', 'dificuldades', '-', 'e', 'tendo', 'nos', 'todos', 'o', '-', 'pesquisas', 'a', 'também', 'fotos', 'de', 'redes', 'consegue', 'verdadeiro', 'não', 'e', 'de', 'animais', 'podem', '-', '-', 'fazer', '-', 'depressão', 'com', 'fizeram', '-', 'dados', 'devem', 'dezenvolvimento', 'a']",29-02-2024,08:03,08:34,"[('criação', 'NOUN'), ('abilidade', 'NOUN'), ('-', 'PUNCT'), ('-', 'PUNCT'), ('dificuldade', 'NOUN'), ('-', 'PUNCT'), ('e', 'CCONJ'), ('ter', 'AUX'), ('em o', 'ADP'), ('todo', 'PRON'), ('o', 'DET'), ('-', 'PUNCT'), ('pesquisa', 'NOUN'), ('a', 'ADP'), ('também', 'ADV'), ('foto', 'NOUN'), ('de', 'ADP'), ('rede', 'NOUN'), ('conseguir', 'VERB'), ('verdadeiro', 'ADJ'), ('não', 'ADV'), ('e', 'CCONJ'), ('de', 'ADP'), ('animal', 'NOUN'), ('poder', 'VERB'), ('-', 'PUNCT'), ('-', 'PUNCT'), ('fazer', 'VERB'), ('-', 'PUNCT'), ('depressão', 'NOUN'), ('com', 'ADP'), ('fazer', 'VERB'), ('-', 'PUNCT'), ('dado', 'NOUN'), ('dever', 'VERB'), ('dezenvolvimento', 'VERB'), ('a', 'ADP')]","[0.952, 0.519, 0, 0, 0.998, 0, 0, 0, 0, 0, 0, 0, 0.968, 0, 0, 0.988, 1, 1, 0.5, 1, 0, 1, 0.602, 0.654, 0, 0, 0, 0.647, 0, 1, 1, 0, 0, 1, 0.994, 0, 0.9]",18.91891891891892,42.48571144567953,31.0
EST_184,7,A,Inseguranças no uso das redes sociais,"['rede', '-', '-', 'algum', '-', 'frequetes', 'e', 'privados', '-', 'são', 'sendo', 'tipo', 'milhares', 'dados', 'preocupações', 'informações', 'de', 'redes', 'vão', 'verdadeiro', 'isso', 'ou', 'a', '-', 'sociais', 'coisa', 'problemas', '-', 'redes', 'depressão', 'com', 'de', 'para', 'dados', 'pra', 'perigo', 'ás']",29-02-2024,08:03,08:14,"[('rede', 'NOUN'), ('-', 'PUNCT'), ('-', 'PUNCT'), ('algum', 'DET'), ('-', 'PUNCT'), ('frequete', 'ADV'), ('e', 'CCONJ'), ('privado', 'ADJ'), ('-', 'PUNCT'), ('ser', 'AUX'), ('ser', 'AUX'), ('tipo', 'NOUN'), ('milhar', 'NUM'), ('dado', 'NOUN'), ('preocupação', 'NOUN'), ('informação', 'NOUN'), ('de', 'ADP'), ('rede', 'NOUN'), ('ir', 'AUX'), ('verdadeiro', 'ADJ'), ('isso', 'PRON'), ('ou', 'CCONJ'), ('a', 'ADP'), ('-', 'PUNCT'), ('social', 'ADJ'), ('coisa', 'NOUN'), ('problema', 'NOUN'), ('-', 'PUNCT'), ('rede', 'NOUN'), ('depressão', 'NOUN'), ('com', 'ADP'), ('de', 'ADP'), ('para', 'ADP'), ('dado', 'NOUN'), ('pra', 'ADP'), ('perigo', 'NOUN'), ('ás', 'ADP')]","[0.763, 0, 0, 0.958, 0, 0, 0, 0, 0, 1, 1, 0, 0, 0.978, 0.75, 1, 1, 1, 0, 1, 0.75, 0.978, 0.865, 0, 1, 0.977, 0.984, 0, 1, 1, 1, 1, 0, 1, 0, 0.639, 0.955]",35.13513513513514,58.37184011936187,11.0
EST_185,7,B,Inseguranças no uso das redes sociais,"['forma', 'forma', 'todo', 'este', 'coisas', 'grandes', 'com', 'pessoais', 'coisa', 'estão', 'sendo', 'muita', 'disseminação', 'endereço', 'coisa', 'informações', 'de', 'redes', 'da', 'verdadeiro', 'Isso', 'violencia', 'a', 'familiares', 'sociais', 'acumulo', 'brigas', 'expor', 'redes', 'depressão', 'com', 'de', 'de', 'dados', 'podem', 'uso', 'vazar']",29-02-2024,07:55,08:19,"[('forma', 'NOUN'), ('forma', 'NOUN'), ('todo', 'DET'), ('este', 'PRON'), ('coisa', 'NOUN'), ('grande', 'ADJ'), ('com', 'ADP'), ('pessoal', 'NOUN'), ('coisa', 'NOUN'), ('estar', 'AUX'), ('ser', 'AUX'), ('muito', 'DET'), ('disseminação', 'NOUN'), ('endereço', 'NOUN'), ('coisa', 'NOUN'), ('informação', 'NOUN'), ('de', 'ADP'), ('rede', 'NOUN'), ('de o', 'ADP'), ('verdadeiro', 'ADJ'), ('isso', 'PRON'), ('violencia', 'NOUN'), ('a', 'ADP'), ('familiar', 'NOUN'), ('social', 'ADJ'), ('acumulo', 'NOUN'), ('briga', 'NOUN'), ('expor', 'VERB'), ('rede', 'NOUN'), ('depressão', 'NOUN'), ('com', 'ADP'), ('de', 'ADP'), ('de', 'ADP'), ('dado', 'NOUN'), ('poder', 'VERB'), ('uso', 'NOUN'), ('vazar', 'VERB')]","[0.832, 0.627, 1, 0.75, 0.982, 0.64, 0.667, 1, 0.795, 0.6, 1, 0.88, 0.998, 0.973, 0.981, 1, 1, 1, 0, 1, 1, 0, 0.865, 0.98, 1, 0.989, 0.981, 0.684, 1, 1, 1, 1, 0.5, 1, 0.994, 1, 0]",43.24324324324324,83.0231453867646,24.0
EST_186,7,A,Inseguranças no uso das redes sociais,"['rede', 'tecnologia', '-', 'o', 'beneficios', 'maiores', 'mas', 'ajuda', 'vezes', 'são', 'sendo', 'muitas', '-', 'dados', 'preocupação', 'notícias', 'de', 'redes', 'conseguimos', 'real', 'isso', 'e', 'de', 'famosos', 'podem', 'diferença', 'preconceito', 'ter', 'redes', 'depressão', 'com', 'que', 'e', 'redes', 'devem', 'uso', 'das']",29-02-2024,08:03,08:20,"[('rede', 'NOUN'), ('tecnologia', 'NOUN'), ('-', 'PUNCT'), ('o', 'DET'), ('beneficio', 'NOUN'), ('grande', 'ADJ'), ('mas', 'CCONJ'), ('ajudar', 'VERB'), ('vez', 'NOUN'), ('ser', 'AUX'), ('ser', 'AUX'), ('muito', 'DET'), ('-', 'PUNCT'), ('dado', 'NOUN'), ('preocupação', 'NOUN'), ('notícia', 'NOUN'), ('de', 'ADP'), ('rede', 'NOUN'), ('conseguir', 'VERB'), ('Real', 'NOUN'), ('isso', 'PRON'), ('e', 'CCONJ'), ('de', 'ADP'), ('famoso', 'ADJ'), ('poder', 'VERB'), ('diferença', 'NOUN'), ('preconceito', 'NOUN'), ('ter', 'VERB'), ('rede', 'NOUN'), ('depressão', 'NOUN'), ('com', 'ADP'), ('que', 'SCONJ'), ('e', 'CCONJ'), ('rede', 'NOUN'), ('dever', 'VERB'), ('uso', 'NOUN'), ('de o', 'ADP')]","[0.763, 0.996, 0, 0.522, 0.98, 0.64, 0, 0, 1, 1, 1, 0.88, 0, 0.978, 1, 0.923, 1, 1, 1, 0, 0.75, 1, 0.602, 0, 0, 0.998, 0.99, 0.933, 1, 1, 1, 0, 1, 0.573, 0.994, 1, 1]",40.54054054054054,71.68247579722792,17.0
EST_188,7,A,Inseguranças no uso das redes sociais,"['facilidade', 'junção', 'todo', 'o', 'cuidados', 'principais', 'quando', 'é', 'pessoas', 'são', 'sendo', 'muitas', 'quantidade', 'dados', 'coisa', 'informações', 'de', 'redes', 'bem', 'verdadeiro', 'isso', 'como', 'de', 'lugares', 'sociais', 'camada', 'muito', 'criar', 'redes', 'estresse', 'com', 'de', 'e', 'dados', 'devem', 'dano', 'suas']",29-02-2024,08:03,08:21,"[('facilidade', 'NOUN'), ('junção', 'NOUN'), ('todo', 'DET'), ('o', 'DET'), ('cuidado', 'NOUN'), ('principal', 'ADJ'), ('quando', 'ADV'), ('ser', 'AUX'), ('pessoa', 'NOUN'), ('ser', 'AUX'), ('ser', 'AUX'), ('muito', 'DET'), ('quantidade', 'NOUN'), ('dado', 'NOUN'), ('coisa', 'NOUN'), ('informação', 'NOUN'), ('de', 'ADP'), ('rede', 'NOUN'), ('bem', 'ADV'), ('verdadeiro', 'ADJ'), ('isso', 'PRON'), ('como', 'ADP'), ('de', 'ADP'), ('lugar', 'NOUN'), ('social', 'ADJ'), ('camada', 'NOUN'), ('muito', 'ADV'), ('criar', 'VERB'), ('rede', 'NOUN'), ('estresse', 'NOUN'), ('com', 'ADP'), ('de', 'ADP'), ('e', 'CCONJ'), ('dado', 'NOUN'), ('dever', 'VERB'), ('dano', 'NOUN'), ('seu', 'DET')]","[1, 0.933, 1, 0.522, 0.991, 1, 0, 0, 0.691, 1, 1, 0.88, 0.745, 0.978, 0.981, 1, 1, 1, 0, 1, 0.75, 0, 0.602, 0.958, 1, 0.876, 0, 0.638, 1, 0.993, 1, 1, 1, 1, 0.994, 0.53, 0.5]",43.24324324324324,77.19305939771033,18.0
EST_198,7,B,Inseguranças no uso das redes sociais,"['-', 'facilidade', '-', 'o', 'inseguranças', '-', '-', '-', 'pessoas', 'são', 'sendo', 'uma', '-', '-', 'preocupação', 'mensagens', 'de', 'redes', 'conseguimos', 'verdadeiro', 'E', 'e', 'na', '-', 'sociais', '-', '-', 'ter', 'redes', 'depressão', 'com', 'de', 'e', 'dados', 'devem', '-', 'falsas']",29-02-2024,07:55,08:30,"[('-', 'PUNCT'), ('facilidade', 'NOUN'), ('-', 'PUNCT'), ('o', 'DET'), ('insegurança', 'NOUN'), ('-', 'PUNCT'), ('-', 'PUNCT'), ('-', 'PUNCT'), ('pessoa', 'NOUN'), ('ser', 'AUX'), ('ser', 'AUX'), ('um', 'DET'), ('-', 'PUNCT'), ('-', 'PUNCT'), ('preocupação', 'NOUN'), ('mensagem', 'NOUN'), ('de', 'ADP'), ('rede', 'NOUN'), ('conseguir', 'VERB'), ('verdadeiro', 'ADJ'), ('e', 'CCONJ'), ('e', 'CCONJ'), ('em o', 'ADP'), ('-', 'PUNCT'), ('social', 'ADJ'), ('-', 'PUNCT'), ('-', 'PUNCT'), ('ter', 'VERB'), ('rede', 'NOUN'), ('depressão', 'NOUN'), ('com', 'ADP'), ('de', 'ADP'), ('e', 'CCONJ'), ('dado', 'NOUN'), ('dever', 'VERB'), ('-', 'PUNCT'), ('falso', 'ADJ')]","[0, 0.899, 0, 0.522, 1, 0, 0, 0, 0.691, 1, 1, 1, 0, 0, 1, 0.99, 1, 1, 1, 1, 0, 1, 0.875, 0, 1, 0, 0, 0.933, 1, 1, 1, 1, 1, 1, 0.994, 0, 0]",45.94594594594595,61.90478916909243,35.0
EST_199,7,A,Inseguranças no uso das redes sociais,"['falta', 'forma', 'lugares', 'o', 'proplemas', 'muitas', 'e', 'privados', 'pessoas', 'são', 'sendo', 'muitas', '-', 'convesas', 'preucopasão', 'indentidade', 'de', 'redes', 'consiguimos', 'verdadeiro', 'tudo', 'e', 'na', '-', 'sociais', 'ansiedade', 'problemas', 'celular', 'redes', 'depressão', 'com', 'de', 'pelo', 'coisas', 'devem', 'uso', 'das']",29-02-2024,08:03,08:16,"[('falta', 'NOUN'), ('forma', 'NOUN'), ('lugar', 'NOUN'), ('o', 'DET'), ('proplema', 'NOUN'), ('muito', 'DET'), ('e', 'CCONJ'), ('privado', 'ADJ'), ('pessoa', 'NOUN'), ('ser', 'AUX'), ('ser', 'AUX'), ('muito', 'DET'), ('-', 'PUNCT'), ('convesa', 'NOUN'), ('Preucopasão', 'NOUN'), ('indentidade', 'NOUN'), ('de', 'ADP'), ('rede', 'NOUN'), ('consiguimo', 'NOUN'), ('verdadeiro', 'ADJ'), ('tudo', 'PRON'), ('e', 'CCONJ'), ('em o', 'ADP'), ('-', 'PUNCT'), ('social', 'ADJ'), ('ansiedade', 'NOUN'), ('problema', 'NOUN'), ('celular', 'NOUN'), ('rede', 'NOUN'), ('depressão', 'NOUN'), ('com', 'ADP'), ('de', 'ADP'), ('por o', 'ADP'), ('coisa', 'NOUN'), ('dever', 'VERB'), ('uso', 'NOUN'), ('de o', 'ADP')]","[0.945, 0.627, 0, 0.522, 0.964, 0, 0, 0, 0.691, 1, 1, 0.88, 0, 0.976, 0.727, 0.979, 1, 1, 0.909, 1, 0.948, 1, 0.875, 0, 1, 0.939, 0.984, 0, 1, 1, 1, 1, 0, 0.984, 0.994, 1, 1]",35.13513513513514,72.82066862837982,13.0
EST_200,7,A,Inseguranças no uso das redes sociais,"['-', '-', '-', '-', '-', '-', 'aonde', 'é', 'pessoas', 'são', 'são', 'muitas', '-', '-', '-', 'amisades', 'de', 'redes', 'conseguimos', '-', '-', '-', '-', '-', 'elas', 'rede', 'muito', 'qualquer', 'redes', 'depresão', 'com', 'são', 'por', 'redes', 'tem', 'usso', 'muitas']",29-02-2024,08:03,08:19,"[('-', 'PUNCT'), ('-', 'PUNCT'), ('-', 'PUNCT'), ('-', 'PUNCT'), ('-', 'PUNCT'), ('-', 'PUNCT'), ('aonde', 'ADV'), ('ser', 'AUX'), ('pessoa', 'NOUN'), ('ser', 'AUX'), ('ser', 'AUX'), ('muito', 'DET'), ('-', 'PUNCT'), ('-', 'PUNCT'), ('-', 'PUNCT'), ('amisade', 'NOUN'), ('de', 'ADP'), ('rede', 'NOUN'), ('conseguir', 'VERB'), ('-', 'PUNCT'), ('-', 'PUNCT'), ('-', 'PUNCT'), ('-', 'PUNCT'), ('-', 'PUNCT'), ('ele', 'PRON'), ('rede', 'NOUN'), ('muito', 'ADV'), ('qualquer', 'DET'), ('rede', 'NOUN'), ('depresão', 'NOUN'), ('com', 'ADP'), ('ser', 'AUX'), ('por', 'ADP'), ('rede', 'NOUN'), ('ter', 'VERB'), ('usso', 'NOUN'), ('muito', 'DET')]","[0, 0, 0, 0, 0, 0, 0, 0, 0.691, 1, 1.0, 0.88, 0, 0, 0, 0.978, 1, 1, 1, 0, 0, 0, 0, 0, 0, 0.524, 0, 0, 1, 0.875, 1, 0, 0, 0.573, 0.55, 0.75, 0]",16.216216216216218,34.65291173071474,16.0
EST_205,7,A,Inseguranças no uso das redes sociais,"['inseguranças', 'preocupação', '-', 'o', 'inseguranças', 'inseguranças', 'com', '-', 'coisas', 'são', 'sendo', 'muita', 'abertura', '-', 'coisa', 'coisas', 'de', 'redes', 'querem', 'e', 'insegurança', 'e', 'de', 'bancos', 'sociais', '-', 'coisas', '-', 'redes', 'depressão', 'com', 'de', 'e', 'coisas', 'devem', '-', 'as']",29-02-2024,08:03,08:19,"[('insegurança', 'NOUN'), ('preocupação', 'NOUN'), ('-', 'PUNCT'), ('o', 'DET'), ('insegurança', 'NOUN'), ('insegurança', 'NOUN'), ('com', 'ADP'), ('-', 'PUNCT'), ('coisa', 'NOUN'), ('ser', 'AUX'), ('ser', 'AUX'), ('muito', 'DET'), ('abertura', 'NOUN'), ('-', 'PUNCT'), ('coisa', 'NOUN'), ('coisa', 'NOUN'), ('de', 'ADP'), ('rede', 'NOUN'), ('querer', 'VERB'), ('e', 'CCONJ'), ('insegurança', 'NOUN'), ('e', 'CCONJ'), ('de', 'ADP'), ('banco', 'NOUN'), ('social', 'ADJ'), ('-', 'PUNCT'), ('coisa', 'NOUN'), ('-', 'PUNCT'), ('rede', 'NOUN'), ('depressão', 'NOUN'), ('com', 'ADP'), ('de', 'ADP'), ('e', 'CCONJ'), ('coisa', 'NOUN'), ('dever', 'VERB'), ('-', 'PUNCT'), ('o', 'DET')]","[0.899, 0.998, 0, 0.522, 1, 0, 0.667, 0, 0.795, 1, 1, 0.88, 0.991, 0, 0.981, 0.989, 1, 1, 0.912, 0, 0, 1, 0.602, 0.985, 1, 0, 0.988, 0, 1, 1, 1, 1, 1, 0.984, 0.994, 0, 0.5]",35.13513513513514,69.42200428999222,16.0
EST_208,7,B,Inseguranças no uso das redes sociais,"['aria', 'internet', 'todo', 'o', 'coisas', 'muitas', 'usando', 'financeiro', 'pessoas', 'São', 'São', 'muitas', 'chegada', 'dados', 'causa', 'informação', 'de', 'redes', 'usa', 'verdade', 'isso', 'graves', 'de', 'empresas', 'sociais', 'dependencia', 'agressão', 'de', 'redes', 'depressão', 'com', 'de', 'para', 'informações', 'conciencia', 'compartilhamento', 'não']",29-02-2024,07:55,08:14,"[('ar', 'VERB'), ('Internet', 'PROPN'), ('todo', 'DET'), ('o', 'DET'), ('coisa', 'NOUN'), ('muito', 'DET'), ('usar', 'VERB'), ('financeiro', 'ADJ'), ('pessoa', 'NOUN'), ('ser', 'AUX'), ('ser', 'AUX'), ('muito', 'DET'), ('chegada', 'NOUN'), ('dado', 'NOUN'), ('causa', 'NOUN'), ('informação', 'NOUN'), ('de', 'ADP'), ('rede', 'NOUN'), ('usar', 'VERB'), ('verdade', 'NOUN'), ('isso', 'PRON'), ('grave', 'ADJ'), ('de', 'ADP'), ('empresa', 'NOUN'), ('social', 'ADJ'), ('dependencia', 'NOUN'), ('agressão', 'NOUN'), ('de', 'ADP'), ('rede', 'NOUN'), ('depressão', 'NOUN'), ('com', 'ADP'), ('de', 'ADP'), ('para', 'ADP'), ('informação', 'NOUN'), ('conciencia', 'NOUN'), ('compartilhamento', 'NOUN'), ('não', 'ADV')]","[0, 0, 1, 0.522, 0.982, 0, 0, 0, 0.691, 0.667, 1.0, 0.88, 0.996, 0.978, 0.798, 0.7, 1, 1, 0.519, 0.571, 0.75, 0, 0.602, 1, 1, 0.517, 0.994, 0, 1, 1, 1, 1, 0, 0.986, 0, 0.504, 0]",29.72972972972973,61.234570530313945,19.0
EST_209,7,A,Inseguranças no uso das redes sociais,"['falta', 'dificuldade', '-', 'esse', '-', 'maiores', 'com', '-', 'vezes', 'são', 'sendo', 'uma', 'maioria', '-', 'coisa', 'públicações', 'de', 'redes', 'consegue', 'verdadeiro', 'isso', 'e', 'na', '-', 'sociais', '-', '-', '-', '-', 'depressão', 'com', 'de', 'e', 'dados', 'devem', 'uso', 'as']",29-02-2024,08:03,08:13,"[('falta', 'NOUN'), ('dificuldade', 'NOUN'), ('-', 'PUNCT'), ('esse', 'DET'), ('-', 'PUNCT'), ('grande', 'ADJ'), ('com', 'ADP'), ('-', 'PUNCT'), ('vez', 'NOUN'), ('ser', 'AUX'), ('ser', 'AUX'), ('um', 'DET'), ('maioria', 'NOUN'), ('-', 'PUNCT'), ('coisa', 'NOUN'), ('públicação', 'NOUN'), ('de', 'ADP'), ('rede', 'NOUN'), ('conseguir', 'VERB'), ('verdadeiro', 'ADJ'), ('isso', 'PRON'), ('e', 'CCONJ'), ('em o', 'ADP'), ('-', 'PUNCT'), ('social', 'ADJ'), ('-', 'PUNCT'), ('-', 'PUNCT'), ('-', 'PUNCT'), ('-', 'PUNCT'), ('depressão', 'NOUN'), ('com', 'ADP'), ('de', 'ADP'), ('e', 'CCONJ'), ('dado', 'NOUN'), ('dever', 'VERB'), ('uso', 'NOUN'), ('o', 'DET')]","[0.945, 0.998, 0, 1, 0, 0.64, 0.667, 0, 1, 1, 1, 1, 0.967, 0, 0.981, 0.993, 1, 1, 0.5, 1, 0.75, 1, 0.875, 0, 1, 0, 0, 0, 0, 1, 1, 1, 1, 1, 0.994, 1, 0.5]",48.64864864864865,69.75430676528998,10.0
EST_212,7,A,Inseguranças no uso das redes sociais,"['insegurança', 'preocupação', '-', 'o', 'inseguranças', '-', '-', '-', 'pessoas', '-', '-', '-', '-', '-', 'preocupação', 'falas', 'de', 'redes', '-', 'ou', 'isso', 'de', 'na', '-', 'sociais', 'fobia', 'insegurança', 'ter', 'redes', 'insegurança', 'com', 'da', '-', 'dados', 'vai', 'dano', 'espalhar']",29-02-2024,08:03,08:19,"[('insegurança', 'NOUN'), ('preocupação', 'NOUN'), ('-', 'PUNCT'), ('o', 'DET'), ('insegurança', 'NOUN'), ('-', 'PUNCT'), ('-', 'PUNCT'), ('-', 'PUNCT'), ('pessoa', 'NOUN'), ('-', 'PUNCT'), ('-', 'PUNCT'), ('-', 'PUNCT'), ('-', 'PUNCT'), ('-', 'PUNCT'), ('preocupação', 'NOUN'), ('fala', 'NOUN'), ('de', 'ADP'), ('rede', 'NOUN'), ('-', 'PUNCT'), ('ou', 'CCONJ'), ('isso', 'PRON'), ('de', 'ADP'), ('em o', 'ADP'), ('-', 'PUNCT'), ('social', 'ADJ'), ('fobia', 'NOUN'), ('insegurança', 'NOUN'), ('ter', 'VERB'), ('rede', 'NOUN'), ('insegurança', 'NOUN'), ('com', 'ADP'), ('de o', 'ADP'), ('-', 'PUNCT'), ('dado', 'NOUN'), ('ir', 'AUX'), ('dano', 'NOUN'), ('espalhar', 'VERB')]","[0.899, 0.998, 0, 0.522, 1, 0, 0, 0, 0.691, 0, 0, 0, 0, 0, 1, 0.984, 1, 1, 0, 0, 0.75, 0.5, 0.875, 0, 1, 0.991, 0.995, 0.933, 1, 0.994, 1, 0.5, 0, 1, 0, 0.53, 0]",24.324324324324326,51.789877728835954,16.0
