discente,ano,turma,texto,respostas,data,tempo_inicial,tempo_final
EST_001,9,B,Consumismo entre os jovens,"['como', 'de', 'atribuido', 'de', 'em', 'do', 'social', 'importantes', 'essagerado', 'extresse', 'das', 'são', 'jovem', 'propicio', 'ainda', 'Em', 'informar', 'por', 'deles', 'total', 'das', 'disso', 'o', 'é', 'administrativa', 'aprendam', 'economizar', 'importante', 'sub', 'para', 'exesso', 'para', 'o', 'É', 'consumo', 'totalmente', 'possivel']",29-02-2024,08:01,08:09
EST_002,7,B,Inseguranças no uso das redes sociais,"['melhora', 'Facilidade', 'todo', 'o', 'desgraças', 'principais', 'E', 'pessoais', 'pessoas', 'são', 'sendo', 'muita', 'divulgação', 'arquivos', 'preocupação', 'informações', 'de', 'redes', 'conseguem', 'verdade', 'Isso', 'e', 'de', 'locais', 'sociais', 'mudança', 'Medos', 'ter', 'redes', 'depressão', 'com', 'de', 'pelos', 'informações', 'devem', 'uso', 'as']",29-02-2024,07:55,08:28
EST_003,7,A,Inseguranças no uso das redes sociais,"['tecnologia', '-', '-', 'o', 'dificuldade', 'muitas', 'e', 'pessoais', 'coisas', 'seram', 'sendo', 'muita', 'vasação', '-', 'coisa', 'informações', 'de', 'redes', 'conseguimos', 'verdeiro', 'mais', 'é', '-', '-', 'publicas', 'atividade', '-', 'ter', 'redes', 'depresão', 'com', 'de', 'por', 'atividades', 'devem', 'assunto', 'nas']",29-02-2024,08:03,08:25
EST_004,9,A,Consumismo entre os jovens,"['entre', 'a', 'exercida', 'de', 'aos', 'do', 'social', 'graves', 'também', 'frustação', 'e', 'são', 'adolescentes', 'apegado', 'ainda', 'e', 'identificar', 'no', 'jovens', 'suficiente', 'de', 'prazo', 'o', 'é', 'financeira', 'aprendam', 'valorizar', 'importante', 'consumo', 'sobre', 'ato', 'para', 'o', 'é', 'consumo', 'algo', 'feito']",29-02-2024,08:02,08:11
EST_005,9,A,Consumismo entre os jovens,"['como', 'de', 'jeito', 'de', 'de', 'de', 'social', 'graves', 'exagerado', 'frustração', 'de', 'são', 'jovens', 'por', 'eles', 'então', 'juntar', 'pelo', 'deles', 'suficiente', 'das', 'prazo', 'o', 'é', 'financeira', 'consigam', 'guardar', 'importante', 'gasto', 'das', 'real', 'para', 'o', 'é', 'consumo', 'nada', 'jeito']",29-02-2024,08:02,08:10
EST_006,7,A,Inseguranças no uso das redes sociais,"['capacidade', 'rapides', 'todo', 'com', 'desgraças', 'grandes', 'pelo', 'privados', 'vezes', 'forão', 'sendo', 'muita', 'propagação', 'senhas', 'situação', 'notícias', 'de', 'redes', 'podendo', 'real', 'isso', 'e', 'de', 'autoridades', 'sociais', 'onda', 'falhas', 'ter', 'redes', 'depressão', 'com', 'de', 'pelas', 'informações', 'podem', 'uso', 'das']",29-02-2024,08:03,08:24
EST_007,9,B,Consumismo entre os jovens,"['exemplo', 'as', 'feita', 'de', 'dos', 'de', 'social', 'graves', 'também', 'expectativas', 'são', 'são', 'jovens', 'colocados', 'ainda', 'e', 'descobrir', 'pelo', 'deles', 'suficiente', 'das', 'prazo', 'o', 'é', 'logo', 'venham', 'guardar', 'importante', 'sub', 'sobre', 'meia', 'para', 'o', 'É', 'dinheiro', 'muito', 'usado']",29-02-2024,08:01,08:14
EST_008,6,B,O uso dos celulares por crianças,"['Brinca', 'jogos', 'Bom', 'do', 'para', 'ter', 'brincadeiras', 'também', 'importa', 'celular', 'de', 'filhos', 'casa', 'são', 'brincadeiras', 'mal', 'dor', 'e', 'tempo', 'os', 'aparelho', 'as', 'da', 'o', 'internet', 'tem', 'aplicativo', 'e', 'a', 'as', 'aplicativo', 'a', 'Bem', 'é', 'com', 'precisa', 'do', 'ter']",29-02-2024,08:00,08:13
EST_009,7,B,Inseguranças no uso das redes sociais,"['função', 'função', 'nosso', 'o', 'mudanças', 'muitas', 'e', 'também', 'coisas', 'serão', 'sendo', 'muita', 'rede', 'conversas', 'preocupação', 'coisas', 'de', '-', 'é', 'verdadeiro', 'e', 'ou', 'da', 'preoculpação', 'sociais', 'coisas', 'brigas', 'ter', 'redes', 'depressão', 'com', 'tem', 'com', 'informações', 'não', 'dever', 'muitas']",29-02-2024,07:55,08:20
EST_010,8,A,A importância da responsabilidade ambiental,"['meio', 'e', 'lugar', 'uma', 'para', 'para', 'de', '-', 'de', 'energia', '-', 'desligar', '-', 'casa', 'não', '-', 'responsavel', 'é', 'o', 'quatro', 'organicos', 'para', 'uma', 'faz', 'é', 'ou', 'não', '-', '-', '-', '-', 'um', 'e', 'do', 'de', 'a', 'nossa', '-']",29-02-2024,07:56,08:07
EST_011,8,B,A importância da responsabilidade ambiental,"['meio', 'ambiente', 'ambiente', 'uma', 'para', 'para', 'de', 'forma', 'de', 'energia', 'evitar', 'desligar', 'elétricos', 'uso', 'não', 'pingar', 'responsável', 'é', 'o', 'várias', 'vidro', 'para', 'uma', 'faz', 'é', 'ao', 'não', 'e', 'esses', 'são', 'mas', 'responsável', 'e', 'do', 'de', 'a', 'nossa', 'nosso']",29-02-2024,08:00,08:15
EST_012,8,B,A importância da responsabilidade ambiental,"['meio', 'cuida', 'mundo', 'uma', 'para', 'para', 'de', 'delas', 'de', 'rede', 'nós', 'desligar', 'domesticos', 'funcionamento', 'não', 'precisão', 'generoso', 'é', 'o', 'diversos', 'vidro', 'para', 'uma', 'faz', 'é', 'ao', 'não', 'e', 'mais', 'precisa', 'muito', 'generoso', 'precisa', 'do', 'de', 'a', 'nossa', 'nosso']",29-02-2024,08:00,08:10
EST_013,8,B,A importância da responsabilidade ambiental,"['meio', 'cuidar', 'ambiente', 'uma', 'para', 'para', 'de', 'maneira', 'dos', 'energia', '-', '-', '-', '-', '-', '-', '-', '-', '-', '-', '-', '-', '-', '-', '-', '-', '-', '-', '-', '-', '-', '-', '-', '-', '-', '-', '-', '-']",29-02-2024,08:00,08:30
EST_014,7,A,Inseguranças no uso das redes sociais,"['forma', 'forma', 'todo', 'nosso', 'diversões', 'diversos', 'entretanto', 'privados', 'vezes', 'são', 'sendo', 'diversas', '-', '-', 'coisa', 'informações', 'de', 'redes', 'podemos', 'verdadeiro', 'isso', 'com', 'de', '-', 'sociais', 'forma', 'sentimentos', 'ser', 'redes', 'depressão', 'com', 'de', '-', 'informações', '-', '-', '-']",29-02-2024,08:03,08:28
EST_015,6,A,O uso dos celulares por crianças,"['hoje', 'riscos', 'por', 'do', 'para', 'acesar', 'que', 'se', 'estão', 'celular', 'uma', 'filhos', 'casa', 'são', 'usar', 'danos', 'dor', 'problema', 'risco', '-', 'uso', 'as', 'da', 'pessoas', 'comteudos', 'responsabilidade', '-', 'usados', 'a', 'olhar', 'pessoas', 'a', 'no', 'pode', 'que', 'presisão', 'o', 'melhorar']",29-02-2024,08:03,08:27
EST_016,8,B,A importância da responsabilidade ambiental,"['meio', 'habitate', 'espaço', 'alta', 'para', 'para', 'de', 'forma', 'de', 'luz', 'consegui', 'desligar', 'e', 'casa', 'não', '-', 'cuidadosos', 'é', 'o', 'varias', 'vidro', 'para', 'uma', 'faz', 'é', 'do', 'não', 'e', 'por', 'usa', 'ficar', 'o', 'de', 'do', 'com', 'e', 'nossa', 'nosso']",29-02-2024,08:00,08:10
EST_017,8,B,A importância da responsabilidade ambiental,"['nosso', 'que', 'luga', 'de', 'podemos', 'para', 'de', 'lugar', 'de', 'e', 'todo', 'que', 'São', 'casa', 'não', 'nesecidade', 'presevado', 'e', 'reciclar', 'a', 'garrafas', 'a', 'temo', 'fizemos', 'que', 'do', 'e', 'podemo', 'como', 'fazemos', 'que', 'um', 'e', 'do', 'de', 'a', 'diferença', 'nosso']",29-02-2024,08:00,08:09
EST_018,6,A,O uso dos celulares por crianças,"['mas', 'demais', 'de', 'de', 'para', 'ver', 'que', 'se', 'estão', 'celular', 'uma', 'filhos', 'serie', 'são', 'uso', 'problemas', 'dor', 'como', 'uso', 'regras', 'uso', 'as', 'da', 'pessoas', 'sites', 'e', 'possuir', 'e', 'a', 'as', 'aplicativos', 'a', 'com', 'pode', 'necessário', 'devem', 'o', 'a']",29-02-2024,08:03,08:17
EST_019,8,A,A importância da responsabilidade ambiental,"['meio', 'é', 'lugar', 'nossa', 'para', 'para', 'de', 'delas', 'os', 'energia', 'isso', 'apaga', 'para', 'uso', 'evitar', 'necessidade', 'responsavel', 'é', 'o', 'cores', 'vidro', 'para', 'uma', 'tem', 'e', 'ao', 'não', 'para', 'por', 'prejudicam', 'mais', 'conseente', 'mais', 'do', 'de', 'a', 'sua', 'nosso']",29-02-2024,07:56,08:06
EST_020,8,A,A importância da responsabilidade ambiental,"['meio', 'por', 'lugar', 'uma', 'para', 'para', 'de', 'delas', 'do', 'energia', 'economizar', 'desligar', 'eletricós', 'uso', 'não', 'motivo', 'responsavel', 'é', 'o', 'diversas', 'vidro', 'para', 'essas', 'fazem', 'é', 'ao', 'não', 'e', 'são', 'ajudam', 'muito', 'bom', 'é', 'do', 'de', 'a', 'nossa', 'nosso']",29-02-2024,07:56,08:13
EST_021,7,B,Inseguranças no uso das redes sociais,"['ação', 'facilidade', 'todo', 'esse', 'dificuldade', 'muitas', 'como', 'usado', 'vezes', 'são', 'sendo', 'uma', 'coleta', 'dados', 'preocupação', 'contas', 'no', 'redes', 'sabemos', 'verdadeiro', 'as', 'graves', 'de', 'jovens', 'sociais', 'sensação', 'traumas', 'buscar', 'redes', 'depressão', 'com', 'de', 'por', 'dados', 'devem', 'perigo', 'falsas']",29-02-2024,07:55,08:15
EST_022,7,B,Inseguranças no uso das redes sociais,"['internet', 'forma', 'todo', 'o', 'inseguranças', 'maiores', 'usamos', 'coletados', 'vezes', 'são', 'sendo', 'muita', 'coleta', 'dados', 'preocupação', 'notícias', 'no', 'redes', 'sabem', 'verdade', 'Como', 'e', 'mentais', 'preocupação', 'sociais', 'forma', 'elogios', 'criar', 'rede', 'preocupação', 'com', 'de', 'e', 'dados', 'devem', 'uso', 'das']",29-02-2024,07:55,08:15
EST_023,6,B,O uso dos celulares por crianças,"['mais', 'perigo', '-', 'do', 'para', 'ver', 'e', 'permite', 'estão', 'dispositivo', 'novas', 'filhos', 'controle', 'são', '-', 'problemas', 'dor', 'e', 'isolamento', 'a', '-', 'as', 'da', 'amigo', 'coisas', '-', '-', 'improprios', '-', '-', '-', 'a', 'e', 'pode', 'para', 'tem', 'o', 'boua']",29-02-2024,08:00,08:30
EST_024,6,A,O uso dos celulares por crianças,"['proximos', 'amigos', 'parentes', 'do', 'para', 'ver', 'legais', 'para', 'moram', 'celular', 'para', 'celulares', 'casa', 'não', 'celular', 'ploblemas', 'dor', 'na', 'educação', 'os', 'plomema', 'as', 'da', 'o', 'sites', 'devem', 'sites', 'que', 'a', 'as', 'pessoas', 'a', 'do', 'pode', 'tem', 'tem', 'o', 'a']",29-02-2024,08:03,08:24
EST_025,9,B,Consumismo entre os jovens,"['tipo', 'de', 'feito', 'de', 'nos', 'no', 'forte', 'prejudiciais', 'exagerado', 'intriga', 'nas', 'são', 'jovens', 'entregados', 'eles', 'e', 'juntar', 'ao', 'deles', 'suficiente', 'e', 'tempo', 'o', 'é', 'já', 'consiga', 'guardar', 'fundamental', 'consumo', 'sobre', 'uso', 'para', 'o', 'É', 'consumo', 'tão', 'claro']",29-02-2024,08:01,08:29
EST_026,6,B,O uso dos celulares por crianças,"['e', 'livros', 'por', 'do', 'para', 'assistir', 'celular', 'ajudam', 'estão', 'celular', 'uma', 'filhos', 'casa', 'são', 'tela', 'problemas', 'dor', 'de', 'rede', 'com', 'perigos', 'as', 'a', 'rede', '-', 'das', 'filho', 'ruim', 'a', 'outro', 'negocios', 'as', 'celular', 'pode', 'possivel', 'tem', 'o', 'segurança']",29-02-2024,08:00,08:22
EST_027,9,A,Consumismo entre os jovens,"['como', 'lojas', 'estetica', 'extremo', 'se', 'se', 'social', 'piores', 'ecessivo', 'frustração', 'e', 'são', 'jovens', 'conduzidos', 'eles', 'e', 'encaixar', 'por', 'deles', 'suficiente', 'das', 'prazo', 'extremo', 'é', 'financeira', 'aprendam', 'manusear', 'importante', 'gasto', 'sobre', 'produto', 'para', 'pessoas', 'é', 'consumo', 'algo', 'consumo']",29-02-2024,08:02,08:17
EST_028,7,B,Inseguranças no uso das redes sociais,"['maneira', 'forma', 'todo', 'esse', 'complicações', 'seguintes', 'É', 'pessoais', 'vezes', 'são', 'sendo', 'uma', 'divulgação', 'cpf', 'preocupação', 'noticias', 'do', 'redes', 'conseguimos', 'real', 'isso', 'e', 'a', 'moral', 'sociais', 'crise', 'insegurança', 'ser', 'redes', 'depressão', 'com', 'de', 'por', 'dados', 'devem', 'uso', 'das']",29-02-2024,07:55,08:03
EST_029,7,A,Inseguranças no uso das redes sociais,"['falta', 'insegurança', 'nosso', 'o', 'dúvidas', 'nossas', 'e', 'usados', 'pessoas', 'são', 'sendo', 'nossa', 'privacidade', 'dados', 'preocupação', 'informações', 'do', 'redes', 'podemos', 'verdadeiro', 'isso', 'e', 'a', 'etc', 'sociais', 'grande', '-', 'criar', 'redes', 'depressão', 'com', 'de', 'e', 'imagens', 'devem', 'conteudo', 'as']",29-02-2024,08:03,08:16
EST_030,9,B,Consumismo entre os jovens,"['com', 'de', 'causada', 'do', 'de', 'de', 'e', 'maior', 'que', '-', 'de', 'são', 'jovens', 'ir', 'os', 'e', 'e', 'no', 'não', 'e', 'de', 'prazo', 'o', 'é', 'e', 'isso', 'consumo', 'isso', 'auto', 'sobre', 'um', 'consumo', 'o', 'e', 'consumo', 'totalmente', 'moderado']",29-02-2024,08:01,08:13
EST_031,7,B,Inseguranças no uso das redes sociais,"['rede', 'maneira', 'todo', 'esse', 'inseguranças', 'maiores', 'Com', 'pessoais', 'vezes', 'serão', 'sendo', 'uma', 'divulgação', 'golpes', 'divulgação', 'informações', 'de', 'redes', 'conseguir', 'verdadeiro', 'isso', 'juridicos', 'morais', 'emocionais', 'sociais', 'insegurança', 'traumas', 'ter', 'redes', 'depressão', 'com', 'de', 'e', 'dados', 'além', 'uso', 'das']",29-02-2024,07:55,08:13
EST_032,9,B,Consumismo entre os jovens,"['pois', 'das', 'causada', 'de', 'nos', 'dos', 'social', 'ruins', 'excessivo', 'desperdício', 'das', 'são', 'jovens', 'ajudando', 'eles', 'e', 'incluir', 'no', 'adolescentes', 'suficiente', 'das', 'tempo', 'o', 'é', 'social', 'consigam', 'juntar', 'agradável', 'consumo', 'para', 'erro', 'para', 'o', 'É', 'consumo', 'totalmente', 'pouco']",29-02-2024,08:01,08:25
EST_033,9,B,Consumismo entre os jovens,"['como', 'a', 'dada', 'de', 'de', 'de', 'social', 'ruina', 'grande', 'raiva', 'das', 'são', 'adolecentes', 'devido', 'muitos', 'e', 'concetar', 'no', 'deles', 'suficiente', 'de', 'prazo', 'o', 'é', 'adequada', 'possamos', 'ganhar', 'importante', 'uso', 'deles', 'um', 'para', 'nosso', 'é', 'consumo', 'tão', 'usado']",29-02-2024,08:01,08:10
EST_034,7,A,Inseguranças no uso das redes sociais,"['possibilidade', 'possibilidade', 'todo', 'o', 'inseguranças', 'maiores', 'com', '-', 'vezes', 'são', 'sendo', 'muitas', '-', 'privacidades', 'preocupação', 'informações', 'de', 'redes', 'consegue', 'real', 'e', 'horriveis', 'grandes', '-', 'sociais', 'extrema', 'muito', 'mostrar', 'redes', 'depressão', 'com', 'na', 'informação', 'perfis', 'devem', 'respeito', 'muitas']",29-02-2024,08:03,08:15
EST_035,7,B,Inseguranças no uso das redes sociais,"['forma', 'forma', 'todo', 'esse', 'prejudicações', 'muitas', 'Do', 'pessoais', 'delas', 'são', 'cendo', 'muita', 'tecnologia', 'dados', 'preocupações', 'publicações', 'de', 'redes', 'sabermos', 'verdadeiro', 'isso', 'e', 'na', 'lugares', 'sociais', 'mais', 'sempre', 'ter', 'redes', 'depressão', 'com', 'de', 'e', 'dados', 'tenque', 'ussos', 'das']",29-02-2024,07:55,08:10
EST_036,6,B,O uso dos celulares por crianças,"['mais', 'benefícios', 'tem', 'de', 'para', 'ver', 'que', 'se', 'estão', 'uso', 'de', 'filhos', 'hora', 'são', 'uso', 'defeitos', 'dor', 'como', 'ante', 'os', 'uso', 'todas', 'da', 'desconhecidos', 'saites', 'delas', 'uso', 'usados', 'a', 'todas', 'perigos', 'essa', 'Porém', 'pode', 'importante', 'podem', 'o', 'toda']",29-02-2024,08:00,08:24
EST_037,9,A,Consumismo entre os jovens,"['porque', 'muitas', 'social', 'de', 'de', 'de', 'social', 'piores', 'social', 'desigualdade', 'são', 'são', 'jovens', 'pelo', 'eles', 'eles', 'legal', 'pelo', 'jovens', 'porque', 'das', 'vida', 'o', 'é', 'familia', 'posão', 'economiza', 'importante', 'desenvolvimento', 'para', 'dia', 'de', 'o', 'é', 'consumo', 'muito', 'usando']",29-02-2024,08:02,08:15
EST_038,6,A,O uso dos celulares por crianças,"['-', '-', '-', '-', '-', '-', '-', '-', '-', 'celular', '-', '-', '-', '-', '-', '-', 'dor', '-', '-', '-', '-', '-', '-', '-', '-', '-', '-', '-', '-', '-', '-', 'a', '-', '-', '-', '-', '-', '-']",29-02-2024,08:03,08:11
EST_039,7,A,Inseguranças no uso das redes sociais,"['rede', 'possibilidade', 'todo', 'o', 'mudanças', 'nossas', 'como', 'pessoais', 'vezes', 'são', 'sendo', 'nossa', 'insegurança', 'sites', 'coisa', 'pessoas', 'de', 'redes', 'conseguir', 'certo', 'e', 'como', 'danificando', 'empresas', 'sociais', 'certa', 'mais', 'ver', 'redes', 'depressão', 'com', 'de', 'por', 'dados', 'devem', 'uso', 'muitas']",29-02-2024,08:03,08:27
EST_040,8,B,A importância da responsabilidade ambiental,"['meio', '-', '-', 'uma', 'para', 'para', 'para', 'forma', 'de', '-', '-', '-', '-', '-', 'não', 'nessecidade', 'responsável', 'é', 'o', 'lixeira', 'vidro', 'para', 'uma', 'faz', 'é', 'ao', 'não', 'para', 'os', 'a', 'é', '-', 'é', 'ao', 'de', 'a', '-', 'nosso']",29-02-2024,08:00,08:15
EST_041,7,B,Inseguranças no uso das redes sociais,"['rede', 'forma', 'todo', 'esse', 'questões', 'mais', 'Pelo', 'e', 'coisas', 'são', 'sendo', 'alguma', 'pergunta', 'idade', 'preocupação', 'identidade', 'do', 'redes', 'sabemos', 'real', 'Isso', 'racionais', 'emocionais', 'população', 'sociais', 'questão', 'dores', 'ter', 'redes', 'depressão', 'com', 'usam', 'e', 'dados', 'devem', 'que', 'das']",29-02-2024,07:55,08:07
EST_042,9,B,Consumismo entre os jovens,"['como', 'as', 'causada', 'de', 'dos', 'de', 'social', 'graves', 'também', 'desapontamento', 'das', 'são', 'jovens', 'ligado', 'ainda', 'alguns', 'misturar', 'por', 'jovens', 'suficiente', 'das', 'prazo', 'o', 'é', 'financeira', 'aprendam', 'supervisionar', 'importante', 'sub', 'sobre', 'excesso', 'para', 'o', 'É', 'dinheiro', 'considerados', 'utilizado']",29-02-2024,08:01,08:12
EST_043,7,B,Inseguranças no uso das redes sociais,"['mudaçar', 'sede', 'do', 'o', 'trabalho', 'coisa', 'celular', 'é', 'pessoa', 'então', 'celular', 'muita', 'pessoas', 'privacidade', 'coisa', 'documento', 'evia', 'com', 'tem', 'documento', 'é', 'no', 'na', 'que', '-', 'nova', 'muito', 'muita', 'images', 'gente', 'com', 'da', 'pelo', 'gente', 'deve', 'possessor', 'tambem']",29-02-2024,07:55,08:09
EST_044,8,B,A importância da responsabilidade ambiental,"['meio', 'Pois', 'mundo', 'uma', 'para', 'com', 'de', 'forma', 'em', 'energia', 'isso', 'desligar', 'para', 'uso', 'não', 'usar', 'legal', 'seria', 'todo', 'varias', 'vidro', 'para', 'isso', 'faz', 'é', 'ao', 'não', 'poder', 'muitos', 'mudam', 'melhor', 'responsavel', 'para', 'do', 'de', 'a', 'nossa', 'nosso']",29-02-2024,08:00,08:17
EST_045,7,A,Inseguranças no uso das redes sociais,"['rede', 'forma', '-', 'o', '-', 'suas', '-', '-', '-', '-', '-', '-', '-', '-', 'coisas', '-', '-', '-', '-', '-', '-', '-', '-', '-', 'sociais', '-', '-', 'criar', 'redes', '-', 'com', 'de', 'que', '-', 'devem', '-', 'das']",29-02-2024,08:03,08:20
EST_046,9,A,Consumismo entre os jovens,"['como', 'sobre', 'colocada', 'de', 'em', 'de', 'social', 'graves', 'excessivo', 'decepção', 'de', 'são', 'jovens', 'meio', 'eles', 'eles', 'relacionar', 'por', 'jovens', 'suficiente', 'e', 'prazo', 'o', 'é', 'financeira', 'saibam', 'gastar', 'importante', 'seu', 'maior', 'ato', 'para', 'o', 'é', 'consumo', 'tão', 'aplicado']",29-02-2024,08:02,08:12
EST_047,9,B,Consumismo entre os jovens,"['como', 'das', 'cultural', 'teste', 'de', 'de', '-', 'fortes', 'de', 'trajedia', 'com', 'ajuda', 'animais', 'legitimo', 'eles', 'com', 'adpitar', 'no', 'humanos', 'logo', 'das', 'tempo', 'esse', 'e', 'deles', 'possa', 'muito', 'provavel', 'nosso', 'sobre', 'posse', 'quanto', 'outro', 'É', 'posso', 'ser', 'errado']",29-02-2024,08:01,08:11
EST_048,6,A,O uso dos celulares por crianças,"['e', 'livros', 'de', 'de', 'para', 'conhecer', 'que', 'conseguir', 'são', 'celular', 'uma', 'aparelhos', 'casa', 'serão', 'telas', 'problemas', 'dor', 'e', 'problema', 'os', 'conteúdo', 'as', 'na', 'desconhecidos', 'links', 'precisam', 'acesso', 'acessam', 'a', 'ver', 'públicos', 'a', 'e', 'podem', 'preciso', 'precisam', 'o', 'ter']",29-02-2024,08:03,08:16
EST_049,8,A,A importância da responsabilidade ambiental,"['nosso', 'vem', 'ambiente', 'muita', 'em', 'para', 'de', 'dessas', 'dos', 'lâmpadas', 'todos', 'apagar', 'para', 'uso', 'não', 'presisam', 'contribuir', 'e', 'os', 'cada', 'reciclaveis', 'para', 'muita', 'faz', 'é', 'ao', 'não', 'tambem', 'são', 'ajuda', 'ser', 'organizado', 'para', 'ajudar', 'de', 'a', 'nossa', 'nosso']",29-02-2024,07:56,08:06
EST_050,8,B,A importância da responsabilidade ambiental,"['meio', 'cuidando', 'meio', 'uma', 'para', 'a', 'de', 'forma', 'de', 'energia', 'isso', 'desligar', 'domesticos', '-', 'não', 'pingar', 'limpo', 'é', 'o', 'varias', 'vidro', 'diretamente', 'uma', 'faz', 'é', 'ao', 'não', 'e', 'são', 'tomamos', 'muito', 'responsavel', 'é', 'do', 'de', 'a', 'nossa', 'nosso']",29-02-2024,08:00,08:18
EST_051,6,A,O uso dos celulares por crianças,"['e', '-', '-', 'do', '-', 'ver', '-', '-', '-', 'celular', '-', 'filhos', 'casa', '-', '-', '-', '-', '-', '-', 'os', 'aplicativo', 'as', 'da', '-', 'sites', 'pode', '-', 'impróprios', 'a', '-', '-', 'a', '-', 'pode', '-', 'podem', 'o', 'manter']",29-02-2024,08:03,08:22
EST_052,9,B,Consumismo entre os jovens,"['como', 'a', 'causada', 'do', 'dos', 'de', 'social', 'negativas', 'controlado', 'frustração', 'das', 'são', 'jovens', 'diante', 'eles', 'então', 'encontrar', 'por', 'jovem', 'suficiente', 'das', 'prazo', 'o', 'é', 'agora', 'venha', 'êconomizar', 'nécessario', 'consumo', 'sobre', 'atô', 'para', 'o', 'é', 'consumo', 'muito', 'maduro']",29-02-2024,08:01,08:18
EST_053,7,A,Inseguranças no uso das redes sociais,"['formas', 'tecnologia', 'todo', 'esse', 'doenças', 'principais', 'com', '-', 'vezes', 'são', 'sendo', 'uma', 'segurança', 'senhas', 'preucupações', 'informações', 'do', 'redes', 'conseguimos', 'real', 'isso', 'e', 'da', 'empresas', 'sociais', '-', 'crises', 'ter', 'redes', 'depressão', 'com', 'de', 'e', 'dados', 'devem', '-', 'das']",29-02-2024,08:03,08:21
EST_054,9,B,Consumismo entre os jovens,"['sobre', 'falsas', 'causada', 'da', 'de', 'de', 'social', 'problemáticas', 'excessivo', 'problemas', 'sobre', 'são', 'jovens', 'ligados', 'ainda', 'eles', 'indentificar', 'no', 'jovens', 'suficiente', 'logo', 'prazo', 'o', 'é', 'economica', 'possam', 'guardar', 'importante', 'sub', 'sobre', 'erro', 'para', 'o', 'é', 'consumo', 'muito ', 'usados']",29-02-2024,08:01,08:12
EST_055,6,B,O uso dos celulares por crianças,"['Mais', 'hábitos', 'tem', 'do', 'para', 'aprender', 'que', 'se', 'são', 'celular', 'uma', 'filho', 'casa', 'são', 'usso', 'beneficios', 'dor', 'como', 'desenvolvimento', 'os', 'usso', 'as', 'que', 'pessoas', 'aplicativos', 'não', 'usso', 'para', 'a', 'ajuda', 'aplicativos', 'deixe', 'Pois', 'pode', 'para', 'deve', 'o', 'conseguir']",29-02-2024,08:00,08:15
EST_056,9,B,Consumismo entre os jovens,"['principalmente', 'para', 'diversificada', 'por', 'pelos', 'por', 'social', 'importante', 'exagerado', 'economia', 'das', 'são', 'jovens', 'entre', 'jovens', 'para', 'melhorar', 'por', 'homens', 'especifica', 'de', 'periodo', 'o', 'bem', 'Superior', 'possam', 'pelo', 'importante', 'consumo', 'para', 'jovem', 'a', 'outro', 'É', 'jovem', 'bastante', 'consumo']",29-02-2024,08:01,08:15
EST_057,7,A,Inseguranças no uso das redes sociais,"['rede', 'forma', '-', 'o', 'inseguransas', 'primeiras', 'com', 'pessoais', 'vezes', 'são', 'sendo', 'uma', 'utilização', 'fonte', 'coisa', 'noticias', 'de', 'redes', 'sabem', 'verdade', 'isso', 'é', 'de', 'ataques', 'sociais', '-', 'fortes', 'ter', 'redes', 'depressão', 'com', 'de', 'por', 'dados', 'devem', 'perigo', 'falsas']",29-02-2024,08:03,08:21
EST_058,9,B,Consumismo entre os jovens,"['sobre', 'das', 'também', 'é', 'de', 'como', 'e', 'delas', 'também', 'que', 'foi', 'são', 'jovens', 'que', 'eles', 'que', 'organizar', 'em', 'eles', 'suficiente', 'das', 'depois', 'os', 'são', 'sempre', 'eles', 'manter', 'necessario', 'mundo', 'que', 'um', 'que', 'no', 'Seja', 'mundo', 'responsabilidade', 'seja']",29-02-2024,08:01,08:14
EST_059,9,B,Consumismo entre os jovens,"['como', 'a', 'fofoca', 'virtual', 'de', 'de', 'e', 'altas', 'virtual', 'brigas', 'são', 'vista', 'jovem', 'porque', 'deles', 'e', 'pesquisa', 'pelo', 'são', 'suficiente', 'de', 'disso', 'Fakenews', 'o', 'crianca', 'aprenda', 'contar', 'importante', 'crescimento', 'que', '-', 'que', 'animal', 'é', 'crescimento', 'sobre', 'tamanho']",29-02-2024,08:01,08:12
EST_060,6,B,O uso dos celulares por crianças,"['mas', 'bons', 'de', 'do', 'para', 'ver', 'que', 'também', 'são', 'celular', 'uma', 'filhos', 'casa', 'são', 'uso', 'problemas', 'dores', 'mal', 'distanciamento', 'alguns', 'uso', 'as', 'da', 'virus', 'sites', 'ele', 'uso', 'vistos', 'a', 'ver', 'bem', 'a', 'Bom', 'pode', 'importante', 'devem', 'o', 'ter']",29-02-2024,08:00,08:09
EST_061,9,B,Consumismo entre os jovens,"['como', 'de', 'mas', 'tem', 'de', 'de', 'pessoal', 'que', 'também', 'também', 'das', 'são', 'jovens', 'que', 'sempre', 'pode', 'estabelecer', 'por', 'jovens', 'suficiente', 'com', 'que', 'seus', 'é', 'seja', 'se', 'juntar', 'bom', 'jovem', 'com', 'um', 'por', 'todo', 'é', 'estado', 'mais', 'sempre']",29-02-2024,08:01,08:29
EST_062,9,A,Consumismo entre os jovens,"['dobrou', 'as', 'feita', 'do', 'de', 'de', 'social', 'piores', 'sempre', 'raiva', 'das', 'são', 'jovens', 'com', 'eles', 'eles', 'adaptar', 'por', 'deles', 'suficiente', 'de', 'prazo', 'o', 'é', 'financeira', 'possam', 'economizar', 'importante', 'uso', 'com', 'surto', 'para', 'o', 'é', 'consumismo', 'sempre', 'feito']",29-02-2024,08:02,08:11
EST_063,8,A,A importância da responsabilidade ambiental,"['nosso', '-', 'planeta', 'uma', 'para', 'para', 'de', '-', 'dos', '-', '-', 'apagar', 'para', '-', 'não', 'demorar', 'cuidadoso', 'é', 'latas', 'umas', 'vidro', '-', 'uma', 'tem', 'é', 'ou', 'não', 'cuidar', 'por', 'melhora', 'bom', 'cuidadoso', 'mas', 'do', 'em', 'a', 'nossa', 'nosso']",29-02-2024,07:56,08:09
EST_064,9,A,Consumismo entre os jovens,"['com', 'de', 'causada', 'de', 'de', 'do', 'social', 'maiores', 'exagerado', 'frustração', 'das', 'são', 'jovens', 'adolecentes', 'eles', 'e', 'socializar', 'por', 'deles', 'suficiente', 'de', 'prazo', 'o', 'é', 'financeira', 'aprendam', 'economizar', 'importante', 'seu', 'para', 'ação', 'para', 'o', 'é', 'consumo', 'muito', 'usado']",29-02-2024,08:02,08:12
EST_065,7,B,Inseguranças no uso das redes sociais,"['facilidade', 'oportunidade', 'todo', 'isso ', 'precauções', 'principais', 'Nisso', 'usados', 'vezes', 'são', 'sendo', 'uma', 'privacidade', 'dados', 'preocupação', 'notícias', 'de', 'redes', 'conseguimos', 'verdadeiro', 'Isso', 'ou', 'de', 'empresas', 'sociais', 'perda', 'riscos', 'ter', 'redes', 'depressão', 'com', 'de', 'e', 'dados', 'devem', 'perigo', 'de']",29-02-2024,07:55,08:24
EST_066,8,B,A importância da responsabilidade ambiental,"['nosso', 'Na', 'planeta', 'uma', 'para', 'para', 'de', 'delas', 'de', 'enegia', 'ambiente', 'que', 'abagados', 'casa', 'não', 'usado', 'responsável', 'é', 'o', 'como', 'vidor', 'para', 'uma', 'faz', 'é', 'ao', 'não', 'e', 'por', 'ajudam', 'ser', 'consiente', 'é', 'do', 'como', 'a', 'nossa', 'para']",29-02-2024,08:00,08:14
EST_067,9,A,Consumismo entre os jovens,"['com', 'de', 'dada', 'do', 'de', 'ao', 'e', 'complicado', 'também', 'perder', 'como', 'são', 'humanos', 'direto', 'ainda', 'como', 'destacar', 'no', 'homens', 'suficiente', 'e', 'praso', 'o', 'e', 'deles', 'eles', 'contar', 'natural', 'como', 'tambem', 'insatisfação', 'quando', 'o', 'era', '-', '-', '-']",29-02-2024,08:02,08:19
EST_068,6,A,O uso dos celulares por crianças,"['parentes', '-', 'para', 'de', 'para', 'ver', 'que', 'se', 'estão', 'celular', 'uma', 'filhos', 'casa', 'são', 'tela', 'estragos', 'dor', 'na', '-', 'alguns', 'uso', 'as', 'da', 'jogos', 'videos', 'sim', 'tipo', 'usados', 'qual', 'ver', 'usuarios', 'a', '-', 'pode', 'bom', 'devem', 'o', 'a']",29-02-2024,08:03,08:30
EST_069,6,B,O uso dos celulares por crianças,"['Mais', 'hábito', 'por', 'do', 'para', 'conhecer', 'iso', 'ajuda', 'estão', 'celular', 'mais', 'fihos', 'casa', 'são', 'uso', 'brobelmas', 'dor', 'como', '-', 'um', 'usar', 'as', 'da', 'pessoas', 'coisas', 'vão', 'tipo', 'que', 'as', 'ver', 'que', 'suas', '-', 'pode', 'bom', 'devem', 'os', 'a']",29-02-2024,08:00,08:26
EST_070,8,B,A importância da responsabilidade ambiental,"['nosso', 'o', 'lugar', 'uma', 'para', 'para', 'de', 'delas', 'dos', 'luz', 'isso', 'desligar', 'isso', 'funcionamento', 'não', 'fechar', 'responsável', 'é', 'o', 'varias', 'vidro', 'para', 'uma', 'faz', 'é', 'como', 'não', 'é', 'são', 'ajuda', 'mais', 'um', 'é', 'do', 'com', 'a', 'nossa', 'nosso']",29-02-2024,08:00,08:13
EST_071,7,B,Inseguranças no uso das redes sociais,"['mensagem', 'internet', 'rede', 'com', 'ansiedade', 'maiores', 'com', 'pessoais', 'que', 'foram', 'sendo', 'uma', 'coleta', 'contas', 'preocupação', 'contas', 'do', 'redes', 'conseguimos', 'verdadeiro', 'Também', 'como', 'da', 'preocupações', 'sociais', 'causa', 'danos', 'precisar', 'redes', 'depressão', 'com', 'da', 'para', 'dados', 'podem', 'risco', 'muitas']",29-02-2024,07:55,08:13
EST_072,9,B,Consumismo entre os jovens,"['são', 'as', 'passa', 'usa', 'nos', 'ao', 'em', 'tem', 'é', 'aumento', 'e', 'são', 'jovens', 'tem', 'eles', 'e', 'consertar', 'ao', 'pode', 'mas', 'e', 'tempo', 'os', 'e', 'são', 'precisar', 'tem', '-', 'em', 'sofre', 'tempo', 'quando', 'o', 'E', 'aumento', 'tanto', 'para']",29-02-2024,08:01,08:13
EST_073,7,B,Inseguranças no uso das redes sociais,"['rede', 'facilidade', 'todo', 'o', 'inseguranças', 'inseguranças', 'com', 'moveis', 'pessoas', 'são', 'sendo', 'uma', 'parte', 'fotos', 'inseguranças', 'comtas', 'de', 'rede', 'conseguimos', 'verdade', 'Tambem', 'pessoas', 'na', 'aplicativos', 'sociais', 'pessoa', 'é', 'ter', 'redes', 'depressão', 'com', 'de', 'por', 'informações', 'podem', 'uso', 'as']",29-02-2024,07:55,08:12
EST_074,9,A,Consumismo entre os jovens,"['como', 'a', 'exercida', 'do', 'de', 'de', 'social', 'ruim', 'exagerado', 'problemas', 'são', 'são', 'jovem', 'graças', 'eles', 'e', 'adaptar', 'no', 'jovem', '-', 'dar', 'prazo', 'o', 'é', 'deles', 'aprendam', 'manusear', 'bom', 'pensamento', 'que', '-', 'de', 'o', 'sendo', 'consumo', 'tão', 'usado']",29-02-2024,08:02,08:10
EST_075,7,A,Inseguranças no uso das redes sociais,"['prática', 'facilidade', 'todo', 'esse', 'mudanças', 'maiores', 'com', 'pessoais', 'pessoas', 'são', 'sendo', 'uma', 'invazão', 'senhas', 'situação', 'noticias', 'do', 'redes', 'conseguem', 'verdadeiro', 'isso', 'graves', 'de', 'fofocas', 'sociais', 'fobia', 'problemas', 'ser', 'redes', 'depressão', 'com', 'dessa', 'e', 'contas', 'devem', 'problema', 'das']",29-02-2024,08:03,08:37
EST_076,8,B,A importância da responsabilidade ambiental,"['meio', 'lutas', 'mundo', 'nessesario', 'de', 'para', 'de', 'dessas', 'dos', 'alimetas', 'todos', 'apagar', 'eletronicos', 'uso', 'sem', 'desperdicio', 'bom', 'é', 'o', '-', '-', '-', '-', 'faz', 'a', 'ao', '-', 'e', 'um', 'pode', 'como', 'o', 'de', 'do', 'de', 'a', 'nossa', 'do']",29-02-2024,08:00,08:15
EST_077,6,A,O uso dos celulares por crianças,"['também', 'beneficios', 'por', 'do', 'pois', 'assistir', 'que', 'se', 'estão', 'celular', 'uma', 'filhos', 'casa', 'são', 'uso', 'danos', 'dor', 'como', 'contato', 'tempo', 'conteudo', 'as', 'da', 'estranhos', 'sites', 'devem', 'uso', 'improprios', 'a', 'observar', 'pais', 'a', 'mas', 'pode', 'bom', 'devem', 'tempo', 'a']",29-02-2024,08:03,08:15
EST_078,6,B,O uso dos celulares por crianças,"['Também', 'metodos', 'De', 'do', 'Pois', 'assisitir', 'que', 'se', 'moram', 'celular', 'uma', 'filhos', 'casa', 'são', 'uso', 'problemas', 'dor', 'como', 'problema', 'também', 'uso', 'as', 'da', 'estranhos', 'sites', 'também', 'uso', 'usado', 'a', 'as', 'avaliadores', 'a', 'Também', 'pode', 'também', 'tem', 'o', 'manter']",29-02-2024,08:00,08:14
EST_079,8,A,A importância da responsabilidade ambiental,"['meio', 'a', 'lugar', 'uma', 'para', 'para', 'de', 'forma', 'de', 'energia', 'que', 'que', 'e', 'telas', 'não', 'motivo', 'importar', 'é', 'o', 'diferentes', 'alimentos', 'para', 'um', 'faz', 'é', 'ao', 'e', 'pode', 'mas', 'é', 'é', 'responsavel', 'mas', 'da', 'com', 'a', 'a', 'nosso']",29-02-2024,07:56,08:03
EST_080,6,B,O uso dos celulares por crianças,"['tanbém', 'amigos', 'em', 'do', 'etanbem', 'abaixar', 'para', 'também', 'é', 'professores', 'uma', 'filhos', 'aula', 'são', 'uso', 'plobrema', 'ploblema', 'manter', 'local', 'ao', 'jogos', 'as', 'de', 'amigos', 'internet', 'responsavel', 'uso', 'ao', 'as', 'tambem', 'coisas', 'as', 'proibido', 'em', 'importante', 'em', 'o', 'as']",29-02-2024,08:00,08:27
EST_081,7,A,Inseguranças no uso das redes sociais,"['forma', 'possibilita', 'todo', 'o', 'inseguranças', 'grandes', 'tendo', 'pessoais', 'vezes', 'foram', 'sendo', 'muita', 'divulgação', 'localização', 'preocupação', 'informações', 'de', 'redes', 'podemos', 'verdadeiro', 'isso', 'e', 'a', 'empresas', 'sociais', 'rede', 'críticas', 'ter', 'redes', 'insegurança', 'com', 'de', 'e', 'contas', 'devem', 'uso', 'também']",29-02-2024,08:03,08:22
EST_082,9,A,Consumismo entre os jovens,"['sobre', 'á', 'emocional', 'tendo', 'de', 'ao', 'social', 'exessivas', 'exesso', 'ansiedade', 'das', 'são', 'jovens', 'sobre', 'eles', 'e', 'conhecer', 'no', 'deles', 'suficiente', 'das', 'tempo', 'o', 'é', 'financeira', 'aprendam', 'guardar', 'preciso', 'sub', 'sobre', 'aumento', 'entre', 'o', 'é', 'consumismo', 'coisa', 'usada']",29-02-2024,08:02,08:16
EST_083,7,A,Inseguranças no uso das redes sociais,"['criação', 'criaçâo', '-', 'o', 'duvidas', 'maiores', 'com', 'móveis', '-', 'são', 'sendo', 'uma', 'rede', '-', 'preucupação', 'informações', 'de', 'redes', 'sabemos', 'verdadeiro', 'isso', 'sérios', 'com', '-', 'sociais', 'situaçâo', 'mortes', 'fazer', 'redes', 'depressão', 'com', 'de', 'por', 'dados', 'podem', 'limite', '-']",29-02-2024,08:03,08:33
EST_084,9,B,Consumismo entre os jovens,"['como', 'das', 'contínua', 'de', 'nos', 'do', 'ou', 'preocupação', 'disso', 'além', 'são', 'são', 'jovens', 'para', 'eles', 'como', 'conectar', 'no', 'deles', 'além', 'das', 'prazo', 'o', 'é', 'sempre', 'ajudam', 'obter', 'necessário', 'sub', 'com', 'objetivo', 'para', 'o', 'É', 'consumo', 'positivo', 'usado']",29-02-2024,08:01,08:09
EST_085,6,A,O uso dos celulares por crianças,"['mas', 'programas', 'por', 'do', 'para', 'acesso', 'que', 'lógica', 'estão', 'celular', 'uma', 'filhos', 'casa', 'são', 'uso', 'danos', 'dor', 'como', 'anti', 'seus', 'uso', 'suas', 'da', 'desconhecidos', 'sites', 'sempre', 'uso', 'utilizados', 'sua', 'todas', 'jogos', 'a', '-', 'pode', 'preciso', 'devem', 'o', 'ter']",29-02-2024,08:03,08:15
EST_086,8,A,A importância da responsabilidade ambiental,"['meio', 'é', 'meio', 'ter', 'para', 'para', 'de', 'delas', 'de', 'energia', 'isso', 'desligar', 'ligados', 'uso', 'não', 'precisao', 'responsavel', 'é', 'o', 'variás', 'comidas', 'para', 'uma', 'tem', 'é', 'pois', 'não', 'e', 'por', 'importam', 'mais', 'bom', 'pois', 'do', 'com', 'a', 'nossa', 'nosso']",29-02-2024,07:56,08:07
EST_087,9,A,Consumismo entre os jovens,"['exemplo', 'a', 'causada', 'de', 'de', 'de', 'social', 'piores', 'exagerado', 'frustração', 'das', 'são', 'jovens', 'notável', 'eles', 'e', 'identificar', 'no', 'adolescentes', 'suficiente', 'da', 'tempo', 'o', 'é', 'financeira', 'aprendam', 'utilizar', 'importante', 'seu', 'sobre', 'tipo', 'para', 'o', 'é', 'consumo', 'algo', 'consumido']",29-02-2024,08:02,08:12
EST_088,9,B,Consumismo entre os jovens,"['como', 'as', 'dada', 'esse', 'como', 'de', 'e', 'ruins', 'auto', 'também', 'de', 'são', 'jovens', 'bom', 'eles', 'já', 'entender', 'ao', 'jovens', 'certa', 'das', 'prazo', 'o', 'é', 'para', 'passem', 'saber', 'importante', 'conhecimento', 'para', 'um', 'a', 'o', 'é', 'consumismo', 'tão', 'usado']",29-02-2024,08:01,08:12
EST_089,7,B,Inseguranças no uso das redes sociais,"['rede', 'forma', 'todo', 'o', 'possitividades', 'maiores', 'E', 'pessoais', 'vezes', 'são', 'sendo', 'muita', 'relação', 'fotos', 'preocupação', 'identidade', 'e', 'redes', 'sabemos', 'verdadeiro', 'Isso', 'e', 'e', 'idosos', 'sociais', 'doença', 'bem', 'ter', 'redes', 'depressão', 'com', 'de', 'por', 'informações', 'devem', 'uso', 'com']",29-02-2024,07:55,08:11
EST_090,7,A,Inseguranças no uso das redes sociais,"['rede', 'forma', '-', 'o', 'sugestões', 'poucos', 'logo', 'é', 'coisas', 'preocupão', 'sendo', 'uma', 'rede', '-', 'coisa', 'informações', 'de', 'redes', 'sabemos', 'verdadeiro', 'isso', 'sérios', 'na', 'disseminação', 'sociais', '-', 'danos', 'ter', 'redes', 'depressão', 'com', 'de', 'por', 'informações', 'devem', 'uso', 'as']",29-02-2024,08:03,08:13
EST_091,8,A,A importância da responsabilidade ambiental,"['mesmo', 'ligação', 'ambiente', 'uma', 'de', 'para', 'de', 'delas', 'dos', 'luz', 'começar', 'desligar', 'eletronicos', 'uso', 'não', 'necessidade', 'melhor', 'é', 'o', 'varías', 'vidro', 'para', 'uma', 'faz', 'é', 'ao', 'não', 'e', 'esses', 'precisa', 'maís', 'responsavel', 'e', 'ao', 'de', 'a', 'nossa', 'nosso']",29-02-2024,07:56,08:12
EST_092,7,A,Inseguranças no uso das redes sociais,"['facilidade', 'facilidade', 'um', 'pelo', 'inseguranças', 'maiores', 'e', 'bancarios', 'pessoas', 'podem', 'sendo', 'um', 'uma', 'dados', 'coisa', 'pessoas', 'de', 'redes', 'podem', 'verdadeiro', 'tambem', 'e', 'serios', 'sites', 'elas', 'parte', 'ansiedade', 'ter', 'redes', 'depressão', 'com', 'de', 'por', 'dados', 'devem', 'uso', 'muitas']",29-02-2024,08:03,08:18
EST_093,8,A,A importância da responsabilidade ambiental,"['meio', 'vem', 'mundo', 'uma', 'para', 'para', 'de', 'forma', 'de', 'energia', 'tambem', 'desligar', 'so', 'utilização', 'também', 'utilizando', 'responsável', 'e', 'o', 'diferentes', 'vridro', 'para', 'uma', 'faz', 'também', 'ao', 'não', 'também', '-', 'fazem', 'limpo', 'responsavel', 'tambem', 'do', 'de', 'a', 'nossa', 'nosso']",29-02-2024,07:56,08:06
EST_094,8,B,A importância da responsabilidade ambiental,"['meio', 'prevenção', 'mundo', 'uma', 'de', 'para', 'de', 'forma', 'de', 'energia', 'prevenir', 'apagar', 'elétricos', 'uso', 'são', 'usar', 'responsável', 'é', 'o', 'várias', 'vidro', 'para', 'uma', 'faz', 'é', 'do', 'não', 'e', 'de', 'é', 'ser', 'responsável', 'é', 'do', 'de', 'a', 'nossa', 'nosso']",29-02-2024,08:00,08:16
EST_095,8,B,A importância da responsabilidade ambiental,"['meio', 'A', 'mundo', 'uma', 'para', 'a', 'de', 'ideia', 'de', 'energia', 'isso', 'desligar', 'eletricos', 'atividade', 'não', 'utilizar', 'responsavel', 'é', 'o', 'varias', 'vidro', 'para', 'uma', 'faz', 'é', 'ao', 'e', 'e', 'são', 'para', 'bem', 'um', 'pois', 'do', 'com', 'à', 'nossa', 'nosso']",29-02-2024,08:00,08:10
EST_096,8,B,A importância da responsabilidade ambiental,"['meio', 'importância', 'lugar', 'uma', 'para', 'para', 'de', 'delas', 'de', 'energia', 'isso', 'desligar', 'para', 'carga', 'não', 'querer', 'previsível', 'é', 'o', 'suas', 'não', 'para', 'uma', 'faz', 'é', 'ao', 'não', 'para', 'esses', 'precisamos', 'mais', 'conciente', 'e', 'do', 'de', 'a', 'a', 'nosso']",29-02-2024,08:00,08:13
EST_097,6,B,O uso dos celulares por crianças,"['Isso', 'amigos', 'De', 'do', 'para', 'assisitir', 'que', 'também', 'são', 'celular', 'a', 'filhos', 'casa', 'são', 'uso', 'problemas', 'dor', 'como', 'problemas', 'os', 'aplicativos', 'as', 'na', 'celular', 'aplicativos', 'bons', 'filho', '-', 'a', 'observar', 'aplicativo', 'a', 'Para', 'pode', 'poder', 'devem', 'o', 'permitir']",29-02-2024,08:00,08:31
EST_098,8,B,A importância da responsabilidade ambiental,"['meio', 'cuidar', 'mundo', 'ter', 'para', 'para', 'de', 'delas', 'de', 'energia', 'isso', 'desligada', 'eletronicos', 'uso', 'não', 'nessecidade', 'responsável', 'é', 'cada', 'uma', 'alimentos', 'para', 'uma', 'da', 'é', 'em', 'não', 'o', 'etc', 'ajudam', 'mais', 'responsavel', 'e', 'do', 'de', 'a', 'nossa', 'nosso']",29-02-2024,08:00,08:15
EST_099,8,B,A importância da responsabilidade ambiental,"['menos', '-', '-', 'melhor', 'para', 'para', 'de', 'foma', 'dos', 'enegia', 'sabemo', 'apaga', 'hora', 'uso', 'não', 'usa', 'importo', 'é', 'o', 'diferente', 'organico', 'na', 'uma', 'faz', 'é', 'com', 'não', 'para', 'por', 'prejudica', 'é', 'importa', 'como', 'que', 'com', 'a', 'nossa', 'nosso']",29-02-2024,08:00,08:20
EST_100,7,B,Inseguranças no uso das redes sociais,"['segurança', 'posibilidade', 'entre', 'esse', 'desvantagens', 'insegurança', 'e', 'tem', 'deles', 'são', 'sendo', 'outras', 'insegurança', 'as', 'preocupação', 'notícias', 'do', 'redes', 'tem', 'verdadeiro', 'tambem', 'com', 'que', 'individos', 'sociais', 'falsa', 'queixa', 'ter', 'redes', 'depressão', 'com', 'tem', 'com', 'coisas', 'pode', 'uso', 'falsas']",29-02-2024,07:55,08:14
EST_101,7,B,Inseguranças no uso das redes sociais,"['internete', 'rede', 'todo', 'pra', 'cituações', 'mas', 'no', 'porem', 'pessoas', 'da', 'publicadas', 'muinta', 'publicação', 'as', 'preocupação', 'redes', 'de', 'redes', 'podemos', 'verdadeiro', 'porem', 'tragicos', 'de', 'blogueiros', 'sociais', 'tecnologia', 'muinto', 'ver', 'redes', 'depressão', 'com', 'fizeram', 'por', 'redes', 'podem', 'uso ', 'publica']",29-02-2024,07:55,08:11
EST_102,9,A,Consumismo entre os jovens,"['sobre', 'á', 'emocional', 'pelo', 'por', 'como', 'e', 'pior', 'tecnologia', 'intrigas', 'são', 'são', 'jovens', 'pelo', 'não', 'como', 'retirar', 'com', 'jovens', 'como', 'por', 'que', 'o', 'é', 'por', 'possa', 'juntar', 'possivel', 'jovens', 'para', 'pensamentos', 'que', 'o', 'que', 'jovens', 'pensar', 'poder']",29-02-2024,08:02,08:18
EST_103,9,B,Consumismo entre os jovens,"['tipo', 'a', 'social', 'com', 'de', 'de', 'social', 'catastrófico', 'deles', 'irritação', 'dessas', 'são', 'jovens', 'atraído', 'eles', 'porén', 'encaixar', 'pelo', 'jovens', 'suficiente', 'de', 'prazo', 'o', 'é', 'deles', 'possam', 'poupar', 'importante', 'grande', 'sobre', 'escolha', 'para', 'o', 'É', 'certo', 'totalmente', 'feito']",29-02-2024,08:01,08:17
EST_104,6,A,O uso dos celulares por crianças,"['isso', 'prós', 'bom', 'controlado', 'para', 'acessar', 'ludicos', 'comunicação', 'estão', 'celular', 'boa', 'filhos', 'casa', 'são', 'uso', 'problemas', 'dor', 'má', 'insolamento', 'os', 'uso', 'as', 'da', 'desconhecidos', 'conteúdos', 'podem', 'acesso', 'inapropriados', 'a', 'olhar', 'usuarios', 'antes', 'supervisionar', 'pode', 'deve', 'precisão', 'controladamente', 'manter']",29-02-2024,08:03,08:23
EST_105,6,A,O uso dos celulares por crianças,"['também', 'acessos', 'por', 'do', 'que', 'ver', 'que', 'a', 'estão', 'celular', 'uma', 'filhos', 'casa', 'são', 'uso', 'danos', 'dor', 'na', 'ant', 'alguns', 'uso', 'as', 'da', 'estranhos', 'aplicativos', 'responsaveis', 'filho', 'inapropriado', 'a', 'olhar', 'aplicativos', 'a', 'mas', 'também', 'para', 'devem', 'o', 'ajudar']",29-02-2024,08:03,08:13
EST_106,7,A,Inseguranças no uso das redes sociais,"['rede', 'forma', 'todo', 'o', 'mudanças', 'maiores', 'e', 'pessoais', 'coisas', 'são', 'sendo', 'muitas', 'redes', 'redes', 'preocupação', 'informações', 'de', 'redes', 'são', 'verdadeiro', 'até', 'pessoais', 'de', '-', 'sociais', 'fase', 'preocupação', 'cada', 'redes', 'depressão', 'com', 'de', 'para', 'informações', 'devem', 'uso', 'as']",29-02-2024,08:03,08:27
EST_107,8,B,A importância da responsabilidade ambiental,"['meio', 'cuidar', 'planeta', 'uma', 'para', 'para', 'de', 'delas', 'de', 'energia', 'isso', 'desligar', 'eletronicos', 'uso', 'não', 'necessidade', 'responsavel', 'é', 'o', 'algumas', 'vidro', 'para', 'uma', 'faz', 'é', 'ao', 'não', 'e', 'são', 'tomamos', 'mais', 'responsavel', 'devemos', 'do', 'de', 'à', 'nossa', 'nosso']",29-02-2024,08:00,08:08
EST_108,9,A,Consumismo entre os jovens,"['como', 'a', 'dada', 'de', 'a', 'de', 'social', 'preocupantes', 'execivo', 'desorganização', 'vindas', 'são', 'jovens', 'facis', 'muitos', 'e', 'divertir', 'por', 'casos', 'mental', 'de', 'tempo', 'o', 'é', 'financeira', 'ajude', 'manusear', 'importante', '-', 'sobre', 'ação', 'para', 'o', 'muito', 'consumo', 'tão', 'controlado']",29-02-2024,08:02,08:20
EST_109,7,B,Inseguranças no uso das redes sociais,"['rede', 'possibilidade', 'todo', 'esse', 'negatividade', 'causas', 'tanto', 'sociais', 'vezes', 'são', 'sendo', 'muita', 'privacidade', 'dados', 'preocupação', 'contas', 'no', 'redes', 'podemos', 'real', 'isso', 'problemáticos', 'de', 'trabalho', 'sociais', 'fonte', 'erros', 'conseguir', 'redes', 'desepero', 'com', 'de', 'e', 'dados', 'devem', 'conceito', 'certas']",29-02-2024,07:55,08:05
EST_110,9,B,Consumismo entre os jovens,"['celular', 'a', 'influenciados', 'de', 'no', 'desperdicio', 'na', 'piores', 'exagerado', 'prejuiso', 'altas', 'são', 'jovens', 'adolecente', 'o', 'comprar', 'encaxar', 'no', 'consumo', 'comprar', 'que', 'anos', 'o', 'é', 'consumo', 'tenho', 'guarda', 'preciso', 'gasto', 'sobre', 'compra', 'para', 'outros', 'É', 'consumo', 'ponto', 'necessario']",29-02-2024,08:01,08:30
EST_111,9,B,Consumismo entre os jovens,"['Porém', 'a', 'aumentou', 'do', 'de', 'de', 'social', 'grandes', 'desenfreado', 'desperdício', 'das', 'são', 'jovens', 'altos', 'eles', 'e', 'enturmar', 'por', 'jovens', 'suficiente', 'das', 'prazo', 'o', 'é', 'escolar', 'possam', 'administrar', 'importante', 'consumo', 'e', 'ato', 'para', 'o', 'é', 'consumismo', 'tão', 'controlado']",29-02-2024,08:01,08:11
EST_112,7,B,Inseguranças no uso das redes sociais,"['forma', 'forma', 'todo', 'o', 'informações', 'principais', 'Durante', 'pessoais', 'vezes', 'são', 'sendo', 'muitas', 'privacidade', 'comunicação', 'forma', 'publicações', 'para', 'redes', 'conseguimos', 'verdadeiro', 'Isso', 'como', 'a', 'comunicação', 'sociais', 'forma', 'bem', 'usar', 'redes', 'depressão', 'com', 'de', 'para', 'informações', 'devem', 'uso', 'as']",29-02-2024,07:55,08:09
EST_113,6,A,O uso dos celulares por crianças,"['atençao', 'problemas', 'é', 'do', 'para', 'ver', 'educativos', 'bom', 'estão', 'celular', 'varia', 'filhos', 'estudos', 'é', 'uso', 'serios', 'dor', 'a', 'uso', 'os', 'uso', 'as', 'da', 'usa', 'coisas', 'pois', 'acesso', 'impróprios', 'a', 'para', 'osos', 'a', 'para', 'deve', 'importante', 'devem', 'o', 'crianças']",29-02-2024,08:03,08:21
EST_114,6,B,O uso dos celulares por crianças,"['Mas', 'livros', 'estudos', 'do', 'para', 'ter', 'que', 'permitisi', 'estam', 'celular', 'chanse', 'filhos', 'casa', 'são', 'uso', 'problemas', 'dor', 'na', 'isolamento', 'que', 'uso', 'para', 'da', 'pessoas', 'site', 'tem', 'uso', 'usado', 'as', 'pelas', 'pais', 'as', 'que', 'e', 'para', 'poden', 'o', 'estabelecer']",29-02-2024,08:00,08:21
EST_115,6,A,O uso dos celulares por crianças,"['e', 'ablicativos', 'amigos', 'de', 'para', 'brincar', 'conteúdos', 'consentração', 'conhece', 'celular', 'amor', 'comcentrado', 'celulares', 'das', 'brincar', 'a', 'raiva', 'como', 'celular', 'educação', 'celulares', 'brincar', 'da', 'familía', 'internet', 'pega', 'brincar', 'perigoso', 'celular', 'celulares', 'contatos', 'pagar', 'perigo', 'perigoso', 'celular', 'celula', 'o', '-']",29-02-2024,08:03,08:21
EST_116,7,B,Inseguranças no uso das redes sociais,"['facilidade', 'possibilidade', 'certo', 'esse', 'inseguranças', 'maiores', 'Pois', 'acecivo', 'vezes', 'são', 'sendo', 'muita', 'privacidade', 'senhas', 'preocupação', 'informações', 'do', 'redes', 'conseguimos', 'verdadeiro', 'Isso', 'ou', 'da', 'insegurança', 'sociais', 'crise', 'danos', 'ter', 'redes', 'insegurança', 'com', 'de', 'sobre', 'dados', 'devem', 'uso', 'as']",29-02-2024,07:55,08:17
EST_117,9,A,Consumismo entre os jovens,"['com', 'de', 'colocada', 'do', 'de', 'de', 'social', 'incoveniente', 'inconciente', 'estres', 'das', 'são', 'jovens', 'ligado', 'eles', 'há', 'relacionar', 'ao', 'deles', 'ainda', 'de', 'prazo', 'o', 'é', 'deles', 'possam', 'guardar', 'importante', 'crescimento', 'legal', 'parte', 'a', 'o', 'é', 'consumismo', 'tão', 'feito']",29-02-2024,08:02,08:17
EST_118,6,A,O uso dos celulares por crianças,"['mas', 'bons', 'de', 'do', 'para', 'ter', 'que', 'pode', 'estão', 'celular', 'uma', 'filhos', 'casa', 'são', 'luz', 'problemas', 'dor', 'como', '-', 'alguns', 'uso', 'as', 'da', 'pessoas', 'páginas', '-', 'quanto', 'para', 'conteúdo', 'olhar', 'usuários', 'suas', 'mas', 'pode', 'bom', 'devem', 'o', 'com']",29-02-2024,08:03,08:21
EST_119,6,B,O uso dos celulares por crianças,"['Então', 'aplicativos', 'De', 'do', 'para', 'acessa', 'que', 'a', 'mora', 'celular', 'uma', 'filhos', 'casa', 'são', 'celular', 'dor', 'dor', 'de', 'afastamento', 'alguns', 'usos', 'que', 'na', 'xingamentos', 'conteudos', 'que', 'celular', 'impróprios', 'direito', 'certa', 'aplicativos', 'suas', 'Porque', 'te', 'bom', 'devem', 'o', 'te']",29-02-2024,08:00,08:14
EST_120,9,B,Consumismo entre os jovens,"['gerar', 'de', 'feita', 'de', 'no', 'de', 'social', 'além', 'humano', 'tristeza', 'não', 'são', 'trabalhadores', 'atentos', 'eles', 'essas', 'pessoas', 'no', 'vezes', 'suficiente', 'de', 'tempo', 'o', 'é', 'e', 'eles', 'separar', 'importante', 'seu', 'que', 'dia', 'para', 'o', 'também', 'processo', 'algo', 'feito']",29-02-2024,08:01,08:11
EST_121,8,B,A importância da responsabilidade ambiental,"['-', '-', 'mundo', 'à', 'para', 'para', 'de', 'atitude', 'nos', '-', 'desenvolver', 'apagar', '-', 'casa', 'não', 'necessidade', 'economizador', 'sempre', 'cada', 'várias', 'alimentos', 'para', 'a', 'faz', 'É', 'ao', 'não', 'cuidar', 'esse', 'fazem', 'mais', 'cuidadoso', 'mas', 'do', 'de', 'à', 'nossa', 'nosso']",29-02-2024,08:00,08:15
EST_122,8,B,A importância da responsabilidade ambiental,"['meio', 'perto', 'lugar', 'uma', 'para', 'para', 'de', 'maneira', 'de', 'energia', 'viver', 'todas', 'de', '-', '-', '-', '-', '-', '-', '-', '-', '-', '-', '-', '-', '-', '-', '-', '-', '-', '-', '-', '-', '-', '-', '-', '-', '-']",29-02-2024,08:00,08:12
EST_123,8,B,A importância da responsabilidade ambiental,"['meio', 'e', 'lugar', 'nossa', 'para', 'para', 'de', 'forma', 'de', 'energia', 'isso', 'apagar', 'desligados', 'casa', 'não', 'usando', 'importar', 'é', 'o', 'variás', 'vidro', 'para', 'uma', 'faz', 'também', 'do', 'não', 'e', 'por', 'existem', 'limpo', 'responsável', 'e', 'do', 'da', 'a', 'nossa', 'nosso']",29-02-2024,08:00,08:16
EST_124,9,A,Consumismo entre os jovens,"['como', 'das', 'causada', 'de', 'dos', 'de', 'social', 'graves', 'inadequado', 'raiva', 'das', 'são', 'jovens', 'para', 'ainda', 'e', 'desafiar', 'por', 'jovens', 'ainda', 'pelas', 'tempo', 'o', 'é', 'deles', 'possa', 'gerenciar', 'importante', 'uso', 'para', 'tipo', 'entre', 'o', 'é', 'uso', 'sempre', 'utilizado']",29-02-2024,08:02,08:11
EST_125,6,A,O uso dos celulares por crianças,"['Atualmente', 'jogar', 'Comversar', 'um', '-', 'crianças', '-', '-', '-', '-', '-', '-', '-', '-', '-', '-', '-', '-', '-', '-', '-', '-', '-', '-', '-', '-', '-', '-', '-', '-', '-', '-', '-', '-', '-', '-', '-', '-']",29-02-2024,08:03,08:16
EST_126,7,A,Inseguranças no uso das redes sociais,"['forma', 'forma', 'todo', 'o', 'problemas', 'tais', 'pois', 'meio', 'vezes', 'foram', 'sendo', 'uma', 'segurança', 'contas', 'forma', 'contas', 'do', 'redes', 'podem', 'verdadeiro', 'elas', 'ou', 'na', 'empresas', 'sociais', 'forma', 'formas', 'usar', 'redes', 'decepção', 'com', 'criaram', 'por', 'dados', 'devem', 'uso', 'também']",29-02-2024,08:03,08:20
EST_127,9,A,Consumismo entre os jovens,"['entre', 'a', 'ocasionada', 'do', 'de', 'de', 'social', 'graves', 'exagerado', 'angústia', 'são', 'são', 'jovens', 'abordando', 'eles', 'entretanto', 'anexar', 'ao', 'jovens', 'suficiente', 'das', 'prazo', 'o', 'é', 'juvenil', 'saiba', 'ter', 'importante', 'uso', 'sobre', 'ação', 'para', 'o', 'é', 'consumismo', 'muito', 'usa']",29-02-2024,08:02,08:14
EST_128,7,A,Inseguranças no uso das redes sociais,"['fonte', 'facilidade', 'todo', 'esse', 'mudanças', 'nossas', 'e', 'pessoais', 'coisas', 'são', 'sendo', 'algumas', 'clonagem', 'fake', '-', 'informações', 'de', 'redes', 'sabemos', 'verdadeiro', '-', '-', '-', '-', 'sociais', '-', '-', 'usar', 'redes', '-', 'com', 'de', 'e', 'dados', 'devem', 'uso', 'todas']",29-02-2024,08:03,08:19
EST_129,7,B,Inseguranças no uso das redes sociais,"['ligação', 'internete', 'todo', 'esse', 'falhas', 'maiores', 'Tambêm', 'pessoais', 'nois', 'são', 'sendo', 'muito', 'parte', 'fotos', 'preocupação', 'informaçoes', 'de', 'redes', 'consegue', 'verdadeiro', 'Isso', 'e', 'na', 'impresas', 'sociais', 'ansiedade', 'depresão', 'ter', 'redes', 'depressão', 'com', 'de', 'por', 'dados', 'a', 'uso', 'as']",29-02-2024,07:55,08:13
EST_130,9,A,Consumismo entre os jovens,"['com', 'das', 'esistentes', 'e', 'ao', 'dé', 'gera', 'mais', 'do', 'desde', 'para', 'avia', 'jovens', 'entre', 'eles', 'são', 'maturidade', 'desse', 'vezes', 'consumismo', 'estarar', 'tempo', 'as', 'que', 'deles', 'não', 'consumo', 'consumismo', 'jovens', 'social', 'meio', 'elas', 'pressão', 'identidade', 'decada', '-', 'que']",29-02-2024,08:02,08:21
EST_131,9,B,Consumismo entre os jovens,"['sendo', 'dessas', 'colocada', 'de', 'dos', 'de', 'ambiental', 'graves', 'também', 'frustração', 'das', 'são', 'adolescentes', 'relacionados', 'eles', 'também', 'ccolocar', 'por', 'deles', 'total', 'das', 'prazo', 'esse', 'será', 'deles', 'aprendam', 'economizar', 'provável', 'próprio', 'sobre', 'ato', 'de', 'o', 'É', 'consumo', 'algo', 'moderado']",29-02-2024,08:01,08:16
EST_132,9,A,Consumismo entre os jovens,"['como', 'de', 'posta', 'do', 'de', 'de', 'social', 'ruins', 'excessivo', 'irritamento', 'são', 'são', 'jovens', 'crianças', 'eles', 'mas', 'encaixar', 'por', 'jovens', 'suficiente', 'de', 'prazo', 'o', 'é', 'finaceira', 'aprendam', 'juntar', 'bom', 'gasto', 'para', 'compra', 'para', 'o', 'é', 'uso', 'algo', 'controlado']",29-02-2024,08:02,08:08
EST_133,9,A,Consumismo entre os jovens,"['assim', 'de', 'social', 'de', 'nos', 'de', 'social', 'grave', 'social', 'problemas', 'são', 'são', 'jovens', 'novo', 'eles', 'que', 'comunicar', 'no', 'jovens', 'suficiente', 'das', 'prazo', 'o', 'é', 'basica', 'aprendam', 'cociliar', 'normal', 'jovem', 'sobre', 'escolha', 'que', 'o', 'é', 'jovem', 'totalmente', 'modo']",29-02-2024,08:02,08:13
EST_134,8,B,A importância da responsabilidade ambiental,"['meio', 'cuidar', 'ambiente', 'ter', 'para', 'para', 'de', 'forma', 'dos', 'energia', '-', 'desligar', '-', '-', 'não', 'nescessidade', 'responsavel', 'é', 'recicláveis', 'diversas', 'vidro', 'para', 'uma', 'faz', 'é', 'ao', 'não', 'e', 'esses', 'trazem', 'bom', 'responsável', 'tem', 'com', 'da', 'a', 'nossa', 'nosso']",29-02-2024,08:00,08:18
EST_135,6,A,O uso dos celulares por crianças,"['mas', 'conteúdos', 'de', 'do', 'para', 'ver', 'que', 'para', 'estão', 'celular', 'uma', 'filhos', 'casa', 'são', 'uso', 'danos', 'dor', 'da', 'problema', 'alguns', 'uso', 'as', 'da', 'pessoas', 'noticiários', 'sempre', 'tipo', 'usados', 'sempre', 'conteúdo', 'isso', 'a', 'e', 'pode', 'preciso', 'devem', 'o', 'proteger']",29-02-2024,08:03,08:12
EST_136,6,A,O uso dos celulares por crianças,"['porém', 'jogos', 'para', 'do', 'para', 'jogar', 'que', 'estimulam', 'estão', 'celular', 'uma', 'filhos', 'casa', 'são', 'uso', 'problemas', 'dor', 'como', 'problema', 'alguns', 'uso', 'as', 'da', 'virus', 'conteúdos', '-', 'uso', 'usados', 'a', 'também', 'aplicativos', 'a', 'porém', 'podem', 'preciso', 'devem', 'o', 'a']",29-02-2024,08:03,08:11
EST_137,9,B,Consumismo entre os jovens,"['como', 'a', 'criado', 'do', 'de', 'de', 'social', 'piores', 'exagerado', 'desapontamento', 'criadas', 'são', 'jovens', 'associado', 'constantemente', 'eles', 'encaixar', 'por', 'jovens', 'suficiente', 'de', 'prazo', 'o', 'e', 'financeiro', 'saibam', 'economizar', 'crucial', 'consumo', 'proprio', 'ato', 'a', 'o', 'também', 'consumismo', 'tão', 'praticado']",29-02-2024,08:01,08:18
EST_138,7,B,Inseguranças no uso das redes sociais,"['tecnologia', 'internet', 'redes', 'como', 'coisas', 'mais', 'do', 'pessoais', 'coisas', 'são', 'sendo', 'muitas', 'paginas', 'contas', 'coisa', 'coisas', 'de', 'redes', 'conseguimos', 'real', 'também', 'como', 'de', '-', 'sociais', 'pagina', 'redes', 'usar', 'redes', 'depressão', 'com', 'de', 'por', 'celular', 'devem', 'que', 'dar']",29-02-2024,07:55,08:06
EST_139,9,B,Consumismo entre os jovens,"['como', 'a', 'imposta', 'do', 'de', 'de', 'social', 'ruins', 'compulsivo', 'raiva', 'nas', 'são', 'jovens', 'ligado', 'eles', 'e', 'moldar', 'em', 'adolecentes', 'suficiente', 'de', 'vida', 'esse', 'é', 'escolar', 'possamos', 'utilizar', 'importante', 'nosso', 'sobre', 'ato', 'à', 'o', 'É', 'consumo', 'negativo', 'lidado']",29-02-2024,08:01,08:19
EST_140,6,B,O uso dos celulares por crianças,"['Mas', 'habitos', 'Existe', 'do', 'para', 'ter', 'que', 'se', 'estão', 'celular', 'como', 'filhos', 'cogitação', 'são', 'luz', 'problemas', 'dor', 'e', 'problema', 'alguns', 'vícil', 'as', 'na', 'estranhos', 'aplicativo', 'precisam', 'filho', 'inaceitaveis', 'a', 'verificar', 'aplicativos', 'a', 'Mas', 'pode', 'preciso', 'devem', 'o', 'garantir']",29-02-2024,08:00,08:37
EST_141,7,A,Inseguranças no uso das redes sociais,"['rede', '-', 'todo', 'o', 'preucações', 'unicas', 'do', 'celulares', 'veses', 'é', 'sendo', 'muita', 'divercidades', '-', 'coisa', 'amisade', 'de', 'redes', '-', '-', 'nos', '-', '-', '-', 'sociais', 'nova', 'ate', 'uso', 'rede', '-', 'com', 'das', 'por', 'coisas', '-', '-', '-']",29-02-2024,08:03,08:31
EST_142,8,A,A importância da responsabilidade ambiental,"['meio', 'cuidar', 'planeta', 'uma', 'para', 'para', 'de', 'forma', 'de', 'energia', 'isso', 'manter', 'desligados', 'casa', 'não', 'ninguém', 'responsável', 'é', 'cada', 'sua', 'vidro', 'para', 'uma', 'faz', 'é', 'ao', 'não', 'e', 'são', 'ajudam', 'mais', 'responsavel', 'pois', 'do', 'de', 'a', 'nossa', 'nosso']",29-02-2024,07:56,08:02
EST_143,7,A,Inseguranças no uso das redes sociais,"['forma', 'forma', 'todo', 'o', 'distrações', 'grandes', 'também', 'pessoais', 'coisas', 'são', 'sendo', 'uma', 'insegurança', 'também', 'coisa', 'propagandas', 'de', 'redes', 'sinto', 'verdade', 'você', 'ou', 'de', 'robôs', 'sociais', 'imagem', 'também', 'criar', 'redes', 'estresse', 'com', 'são', 'por', 'dados', 'devem', 'uso', 'essas']",29-02-2024,08:03,08:29
EST_144,6,B,O uso dos celulares por crianças,"['mas', 'defeitos', 'De', 'do', 'para', 'assisitir', 'que', 'ajudam', 'estão', 'celular', 'uma', 'filhos', 'supervisão', 'são', 'uso', 'problemas', 'dor', 'de', 'controle', 'os', 'uso', 'as', 'da', 'estranhos', 'coisas', 'deles', 'uso', 'explicidos', 'a', 'das', 'pais', 'a', 'Entretanto', 'pode', 'por', 'precisam', 'o', 'sua']",29-02-2024,08:00,08:21
EST_145,9,B,Consumismo entre os jovens,"['como', 'de', 'causada', 'pelo', 'de', 'de', 'social', 'graves', 'exagerado', 'poluição', 'das', 'são', 'jovens', 'propício', 'eles', 'nas', 'embelezar', 'por', 'jovens', 'suficiente', 'de', 'prazo', 'o', 'é', 'monetária', 'apredam', 'economizar', 'necessário', 'pensamento', 'para', 'produtos', 'para', 'outros', 'É', 'consumo', 'tão', 'moderado']",29-02-2024,08:01,08:28
EST_146,8,B,A importância da responsabilidade ambiental,"['nosso', 'cuidar', 'planeta', 'uma', 'para', 'para', 'de', 'forma', 'de', 'energia', 'ajudar', 'desligar', 'elétronicos', 'uso', 'não', 'usar', 'responsavel', 'é', 'o', 'diferentes', 'vidro', 'para', 'uma', 'faz', 'é', 'ao', 'não', 'e', 'são', 'ajudam', 'mais', 'responsavel', 'para', 'do ', 'de', 'a', 'nossa', 'nosso']",29-02-2024,08:00,08:11
EST_147,8,A,A importância da responsabilidade ambiental,"['meio', 'cuida', 'mundo', 'essa', 'para', 'para', 'de', 'forma', 'de', 'energia', 'isso', 'desligar', 'eletronicos', 'uso', 'não', 'usar', 'responsável', 'é', 'o', 'varias', 'vidros', 'para', 'uma', 'faz', 'é', 'ao', 'não', 'rios', 'isso', 'prejudica', 'limpo', 'responsável', 'é', 'do', 'de', 'sobre', 'nossa', 'nosso']",29-02-2024,07:56,08:16
EST_148,9,A,Consumismo entre os jovens,"['e', 'a', 'feita', 'em', 'de', 'de', 'e', 'ruins', 'exessiva', 'problemas', 'são', 'são', 'jovens', 'para', 'eles', 'mas', 'desenvolver', 'pelo', 'que', 'ou', 'ou', 'prazo', 'o', 'é', 'dada', 'possam', 'juntar', 'importante', 'pensamento', 'com', 'um', 'para', 'o', 'é', 'consumo', '-', 'usado']",29-02-2024,08:02,08:17
EST_149,8,A,A importância da responsabilidade ambiental,"['um', 'e', 'abiente', 'a', 'pra', 'para', 'de', 'delas', 'de', 'lixo', 'evitar', 'apagar', 'e', 'usando', 'não', 'usando', 'responsável', 'é', 'o', 'cada', 'vidro', 'para', 'essa', 'faz', 'é', 'e', 'não', 'e', 'são', 'são', 'fica', 'cuida', 'é', 'do', 'de', 'a', 'sua', 'nosso']",29-02-2024,07:56,08:16
EST_150,8,A,A importância da responsabilidade ambiental,"['meio', 'cuida', 'mundo', 'da', 'para', 'nos', 'de', 'dar', 'de', 'enegia', 'não', 'desligar', 'des', 'usano', 'não', 'usar', 'bom', 'você', 'o', 'em', 'vidro', 'para', 'uma', 'melhora', 'ter', 'com', 'não', 'pra', '-', 'pode', 'ter', '-', 'de', 'do', 'com', 'a', 'diferensa', 'nosso']",29-02-2024,07:56,08:26
EST_151,9,A,Consumismo entre os jovens,"['mas', 'a', 'que', 'de', 'nos', 'no', 'também', 'complicados', 'que', 'negação', 'são', 'bem', 'jovens', 'importantes', 'eles', 'estão', 'identificar', 'ao', 'jovens', 'mas', 'as', 'tempo', 'o', 'é', 'financeira', 'comece', 'economizar', 'importante', 'conhecimento', 'importante', 'jovens', 'como', 'o', 'é', 'dinheiro', 'algo', 'responsavel']",29-02-2024,08:02,08:15
EST_152,7,B,Inseguranças no uso das redes sociais,"['maneiro', 'juntar', 'todo', 'esse', 'inseguranças', 'reais', 'Para', 'pessoais', 'vezes', 'são', 'sendo', 'muitas', 'crecimento', 'dados', 'coisa', 'informações', 'de', 'redes', 'se', 'verdadeiro', 'Que', 'como', 'da', 'roubar', 'sociais', 'grande', 'ansiedade', 'ter', 'redes', 'depressão', 'com', 'de', 'para', 'dados', 'tem', 'uso', 'apagar']",29-02-2024,07:55,08:26
EST_153,8,A,A importância da responsabilidade ambiental,"['nosso', 'na', 'lugar', 'uma', 'para', 'de', 'de', 'delas', 'dos', 'energia', 'isso', 'desligar', 'por', 'uso', 'não', 'pingo', 'bom', 'é', 'o', 'cada', 'orgânico', 'para', 'ajuda', 'faz', 'também', 'ao', 'não', 'também', 'a', 'faz', 'mais', 'bom', 'que', 'do', 'de', 'a', 'nossa', 'nosso']",29-02-2024,07:56,08:08
EST_154,7,B,Inseguranças no uso das redes sociais,"['falta', 'dificudade', 'todo', 'o', 'inseguranças', 'é', 'do', 'e', 'vezes', 'são', 'sendo', 'informação', 'privacidade', 'conta', 'coisa', 'contas', 'de', 'redes', 'conseguimos', 'golpe', 'e', 'e', 'a', 'informação', 'sociais', 'conta', 'muitas', 'criar', 'redes', 'insegurança', 'com', 'de', 'e', 'informação', 'podem', 'que', 'as']",29-02-2024,07:55,08:13
EST_155,9,B,Consumismo entre os jovens,"['e', 'de', 'psicológica', 'sobre', 'e', 'de', 'social', 'graves', 'também', 'desigualdade', 'e', 'são', 'jovens', 'focado', 'eles', 'e', 'apropriar', 'por', 'que', 'suficiente', 'das', 'prazo', 'o', 'e', 'financeira', 'aprender', 'economizar', 'importante', 'jovem', 'sobre', 'coisa', 'a', 'o', 'Também', 'consumismo', 'tão', 'usado']",29-02-2024,08:01,08:16
EST_156,9,A,Consumismo entre os jovens,"['importantes', 'de', 'divugada', 'e', 'de', 'de', 'social', 'grandes', 'ecessivo', 'lixo', 'das', 'ser', 'jovens', 'para', 'não', 'e', 'interagir', 'por', 'que', 'suficiente', 'das', 'prazo', 'o', 'é', 'financeira', 'possamos', 'juntar', 'nessesario', 'também', 'com', 'pessoa', 'assim', 'o', 'sejam', 'consumismo', 'algo', 'controlado']",29-02-2024,08:02,08:09
EST_157,7,A,Inseguranças no uso das redes sociais,"['ajuda', 'possibilidade', 'todo', 'o', 'desvantagem', 'maiores', 'é', 'bancarios', 'pessoas', 'são', 'sendo', 'uma', 'coleta', 'senhas', 'preocupação', 'noticias', 'de', 'redes', 'conseguem', 'verdade', 'como', 'de', 'de', 'famosos', 'sociais', 'crise', 'grandes', 'divulgar', 'redes', 'depresão', 'com', 'de', 'pelas', 'algumas', 'deve', 'uso', 'as']",29-02-2024,08:03,08:16
EST_158,8,A,A importância da responsabilidade ambiental,"['meio', 'meio', 'ambiente', 'que', 'para', 'de', 'para', 'delas', 'de', 'energia', 'economizar', 'apagar', 'que', 'casa', 'não', 'goteiras', 'responsavel', 'é', 'o', 'grandes', 'vidro', 'para', 'uma', 'da', 'é', 'ao', 'não', 'é', 'esses', 'é', 'lindo', 'responsavel', 'que', 'do', 'com', 'a', 'nossa', 'nosso']",29-02-2024,07:56,08:21
EST_159,8,A,A importância da responsabilidade ambiental,"['meio', 'parte', 'local', 'preciso', 'para', 'para', 'de', 'delas', 'dos', 'energia', 'isso', 'desligar', 'eletronicos', 'uso', 'não', 'necessidade', 'responsavel', 'é', 'o', 'algumas', 'vidro', 'para', 'uma', 'faz', 'é', 'ao', 'não', 'e', 'são', 'colaboram', 'bom', 'responsavel', 'é', 'do', 'de', 'a', 'nossa', 'nosso']",29-02-2024,07:56,08:05
EST_160,8,A,A importância da responsabilidade ambiental,"['meio', 'importancia', 'lugar', 'uma', 'pra', 'para', 'de', 'delas', 'de', 'energia', 'ajudarmos', 'desligar', 'eletronicos', 'uso', 'não', 'nescessidade', 'responsavel', 'é', 'o', 'quatro', 'vidro', 'para', 'uma', 'faz', 'é', 'ao', 'não', 'e', 'com', 'contribui', 'limpo', 'responsavel', 'é', 'do', 'de', 'a', 'nossa', 'nosso']",29-02-2024,07:56,08:09
EST_161,9,A,Consumismo entre os jovens,"['a', 'de', '-', 'consumista', 'de', 'de', 'social', 'gradativas', 'exagerado', 'tristeza', 'das', 'são', 'jovens', 'propricios', 'os', 'por', 'atualizar', 'pelo', 'jovens', 'suficiente', 'de', 'prazo', 'o', 'é', 'positiva', 'possam', 'manusear', 'bom', 'seu', 'para', 'ato', 'para', 'o', 'é', 'consumo', 'tão', 'maneirado']",29-02-2024,08:02,08:08
EST_162,6,B,O uso dos celulares por crianças,"['Realmente', 'hábito', 'A', 'de', 'para', 'ver', 'que', 'ajudão', 'São', 'celular', 'uma', 'pequenos', 'casa', 'são', 'usso', 'danos', 'dor', 'na', 'ficar', 'os', 'ficar', 'as', 'na', 'desconhecidos', 'conteudos', 'que', 'sites', 'infantis', 'a', 'olhar', 'pais', 'as', 'Mas', 'pode', 'preciso', 'devem', 'o', 'melhorar']",29-02-2024,08:00,08:20
EST_163,8,B,A importância da responsabilidade ambiental,"['meio', 'preservação', 'local', 'uma', 'para', 'para', 'de', 'forma', 'de', 'energia', 'ajudar', 'que', 'elétrico', 'uso', 'não', 'usar', 'responsável', 'é', 'o', 'cada', 'vidro', 'para', 'a', 'faz', 'é', 'em', 'não', 'e', 'como', 'fazemos', 'mais', 'responsável', 'mas', 'do', 'de', 'a', 'nossa', 'nosso']",29-02-2024,08:00,08:14
EST_164,7,A,Inseguranças no uso das redes sociais,"['rede', 'capacidade', 'todo', 'o', 'inseguranças', 'principais', 'e', 'utilizados', 'preocupações', 'foram', 'sendo', 'muitas', 'coleta', 'dados', 'preocupação', 'noticias', 'de', 'redes', 'conseguimos', 'verdadeiro', 'também', 'e', 'a', 'site', 'cociais', 'forte', 'inseguranças', 'colocar', 'redes', 'depressão', 'com', 'de', 'e', 'dados', 'precisão', 'uso', 'e']",29-02-2024,08:03,08:37
EST_165,6,B,O uso dos celulares por crianças,"['Sempre', 'conteúdo', 'Por', 'do', 'para', 'ter', 'que', 'ajudam', 'Estão', 'celular', 'uma', 'filhos', 'casa', 'São', 'Uso', 'Problemas', 'Dor', 'De', 'Uso', 'que', 'uso', 'as', 'Da', 'Pessoas', 'sites', 'Sempre', 'uso', 'usados', 'a', 'as', 'adultos', 'a', 'também', 'pode', 'importante', 'devem', 'Sempre', 'ter']",29-02-2024,08:00,08:22
EST_166,9,A,Consumismo entre os jovens,"['com', 'á', 'emocional', 'tendo', 'de', 'com', 'social', 'excessivas', 'em', 'ansiedade', 'das', 'são', 'jovens', 'sobre', 'eles', 'e', 'conhecer', 'no', 'jovens', 'suficiente', 'com', 'tempo', 'o', 'é', 'financeira', 'aprendam', 'administrar', 'preciso', 'sub', 'sobre', 'aumento', 'para', 'o', 'é', 'consumo', 'algo', 'usado']",29-02-2024,08:02,08:14
EST_167,6,A,O uso dos celulares por crianças,"['mas', 'benefício', 'por', 'de', 'para', 'ter', 'que', 'podem', 'estão', 'celular', 'uma', 'filhos', 'casa', 'são', 'uso', 'danos', 'dor', 'na', 'rede', 'os', 'uso', 'as', 'da', 'desconhecidos', 'conteúdos', 'precisam', 'que', 'usado', 'a', 'analisar', 'pessoas', 'a', 'mas', 'pode', 'preciso', 'devem', 'o', 'a']",29-02-2024,08:03,08:12
EST_168,6,B,O uso dos celulares por crianças,"['e', 'saites', '-', 'do', 'para', 'ver', 'educativo', 'si', 'moram', 'celular', 'poder', 'filho', 'casa', 'são', 'celular', 'riscos', 'dor', 'coluna', '-', 'os', 'telefone', 'as', 'da', 'estraios', 'saites', 'das', 'filho', 'improprio', 'a', 'criança', 'pais', 'deve', 'Mas', 'trave', 'bom', 'devem', 'o', 'as']",29-02-2024,08:00,08:22
EST_169,9,A,Consumismo entre os jovens,"['como', 'as', 'pressão', 'do', 'aos', 'virando', 'social', 'graves', 'entre', 'desprezo', 'só', 'são', 'jovem', 'no', 'eles', 'eles', 'infiltra', 'no', 'jovem', 'suficiente', 'de', 'vida', 'esse', 'é', 'importante', 'possam', 'investir', 'preciso', 'seu', 'que', 'um', 'pra', 'o', 'é', 'consumo', 'algo', 'algo']",29-02-2024,08:02,08:20
EST_170,7,B,Inseguranças no uso das redes sociais,"['facilidade', 'capacidade', 'todo', 'o', 'complicações', 'muitas', 'capacita', 'constantemente', 'coisas', 'são', 'sendo', 'uma', 'veracidade', 'jornais', 'preocupação', 'informações', 'do', 'redes', 'conseguir', 'verdadeiro', 'muito', 'e', 'a', 'lojas', 'levam', 'forte', 'ataque', 'pessoas', 'redes', 'depressão', 'com', 'de', 'por', 'informações', 'podem', 'uso', 'as']",29-02-2024,07:55,08:11
EST_171,6,B,O uso dos celulares por crianças,"['claro', 'amigos', 'Por', 'constante', 'para', 'asesar', 'que', 'a', 'estão', 'celularis', 'uma', 'filhos', 'casa', 'são', 'tela', 'danos', 'dor', 'de', 'comportamento', 'um', 'tempo', 'as', 'da', 'telas', 'conteudo', 'seguros', 'filhos', 'improprio', 'a', 'agumas', 'apes', 'as', 'porem', 'pode', 'importante', 'devem', 'ou', 'propria']",29-02-2024,08:00,08:12
EST_172,7,B,Inseguranças no uso das redes sociais,"['informações', 'preocupações', 'redes', 'está', 'Privacidade', 'outras', 'é', 'pessoais', 'outras', 'foram', 'sendo', 'uma', 'privacidade', 'preocupações', 'maneiras', 'informações', 'da', 'redes', 'está', 'privacidade', 'informações', 'preocupações', 'pessoais', 'outras', 'sociais', 'pagina', 'maneiras', 'parsa', 'redes', 'depreção', 'com', 'de', 'é', 'redes', 'como', 'uso', 'outras']",29-02-2024,07:55,08:17
EST_173,9,A,Consumismo entre os jovens,"['entretanto', 'de', 'convocada', 'de', 'nos', 'de', 'social', 'excesiva', 'propagandista', 'prejuízo', 'das', 'são', 'alvos', 'preparado', 'sempre', 'em', 'socializar', 'em', 'de', 'mental', 'de', 'do', 'o', 'é', 'psicologica', 'nós', 'cuidar', 'de', 'pensamento', 'para', 'momento', 'para', 'o', 'é', 'consumismo', 'algo', 'correspondido']",29-02-2024,08:02,08:09
EST_174,8,A,A importância da responsabilidade ambiental,"['meio', 'é', 'mundo', 'uma', 'para', 'pro', 'de', 'forma', 'de', 'energia', 'todos', 'desligar', 'para', 'casa', 'não', 'água', 'proteger', 'é', 'o', 'diferentes', 'vidro', 'para', 'uma', '', 'é', 'ao', 'não', 'e', 'com', 'todos', 'ambiente', 'um', 'só', 'que', 'uma', 'a', 'nossa', 'nosso']",29-02-2024,07:56,08:21
EST_175,6,B,O uso dos celulares por crianças,"['também', 'hábitos', 'Por', 'do', 'para', 'aprender', 'que', 'se', 'estão', 'celular', 'de', 'celulares', 'casa', 'são', 'celular', 'problema', 'além', 'da', 'desemovimento', 'que', 'uso', 'as', 'da', 'pessoas', 'coisas', 'também', 'uso', 'usados', 'a', 'também', 'aplicativos', 'a', 'Porque', 'pode', 'importante', 'devem', 'o', 'para']",29-02-2024,08:00,08:17
EST_176,8,A,A importância da responsabilidade ambiental,"['meio', 'como', 'mundo', 'essa', 'e', 'para', 'de', 'seria', 'de', 'coisa', 'isso', 'apagar', 'eletricos', 'casa', 'não', 'pingar', 'responsável', 'é', 'o', 'umas', 'vidro', 'para', 'uma', 'faz', 'é', 'ao', 'não', 'e', 'esses', 'é', 'limpo', 'cuidadoso', 'mas', 'com', 'de', 'a', 'a', 'nosso']",29-02-2024,07:56,08:03
EST_177,9,A,Consumismo entre os jovens,"['sobre', 'a', 'emposta', 'de', 'em', 'de', 'desperdício', 'importantes', 'excessivo', 'obesidade', 'mostrados', 'são', 'jovens', 'vulneravel', 'ja', 'e', 'entregar', 'por', 'que', 'suficiente', 'das', 'desse', 'o', 'é', 'monetaria', 'saibam', 'gastar', 'possivel', 'sistema', 'quanto', 'dia', 'quanto', 'o', 'é', 'consumismo', 'errado', 'jeito']",29-02-2024,08:02,08:10
EST_178,8,B,A importância da responsabilidade ambiental,"['luga', 'cuida', 'planeta', 'uma', 'para', 'pra', 'de', 'delas', 'de', 'avores', 'que', 'apaga', 'eletronicos', 'funcionamento', 'não', 'usar', 'responsável', 'é', 'o', 'algumas', 'vrido', 'para', 'uma', 'faz', 'é', 'ao', 'rios', 'e', 'por', 'não', 'mais', 'responsável', 'e', 'é', 'de', 'a', 'nossa', 'nosso']",29-02-2024,08:00,08:12
EST_179,8,A,A importância da responsabilidade ambiental,"['importante', 'ambiente', 'nosso', 'com', 'responsável', 'para', 'para', 'responsável', 'lixo', 'energia', 'todos', 'desligar', 'elétrica', 'casa', 'demais', 'gastar', 'ambiental', 'separar', 'seletiva', 'calçada', 'borracha', 'para', 'uma', 'nosso', 'atitude', 'ambiental', 'ambiental', 'não', 'respeitar', 'ambiental', 'importante', 'para', 'assim', 'para', 'da', 'pessoa', 'nosso', 'cuidar']",29-02-2024,07:56,09:18
EST_180,6,A,O uso dos celulares por crianças,"['também', 'beneficios', 'por', 'do', 'para', 'utilizar', 'elas', 'aprendem', 'estão', 'celular', 'uma', 'filhos', 'casa', 'são', 'uso', 'danos', 'dor', 'de', 'bullyng', 'os', 'celular', 'as', 'da', 'outros', 'sites', 'tem', 'filho', 'improprios', 'a', 'livre', 'usuarios', 'a', 'diminuir', 'pode', 'preciso', 'devem', 'o', 'garantir']",29-02-2024,08:03,08:13
EST_181,6,B,O uso dos celulares por crianças,"['Mas', '-', 'Mas', 'do', 'pois', 'assisti', 'para', 'se', 'moram', 'celular', 'varias', 'deveres', 'casa', 'são', '-', 'problemas', 'dor', 'na', '-', 'um', 'controle', 'as', 'da', 'estranho', 'fotos', '-', '-', '-', 'as', 'verifica', '-', 'as', 'Mas', '-', '-', 'tem', 'o', '-']",29-02-2024,08:00,08:25
EST_182,7,A,Inseguranças no uso das redes sociais,"['criação', 'abilidade', '-', '-', 'dificuldades', '-', 'e', 'tendo', 'nos', 'todos', 'o', '-', 'pesquisas', 'a', 'também', 'fotos', 'de', 'redes', 'consegue', 'verdadeiro', 'não', 'e', 'de', 'animais', 'podem', '-', '-', 'fazer', '-', 'depressão', 'com', 'fizeram', '-', 'dados', 'devem', 'dezenvolvimento', 'a']",29-02-2024,08:03,08:34
EST_183,6,B,O uso dos celulares por crianças,"['Mas', 'hábitos', 'Bom', 'do', 'para', 'ter', 'que', 'ajudar-se', 'estão', 'celular', 'uma', 'filhos', 'casa', 'são', 'uso', 'problemas', 'dores', 'má', 'problema', 'alguns', 'uso', 'as', 'da', 'estranhos', 'sites', 'que', 'uso', 'para', 'a', 'olhar', 'pais', 'a', 'Mas', 'pode', 'bom', 'devem', 'o', 'melhorar']",29-02-2024,08:00,08:18
EST_184,7,A,Inseguranças no uso das redes sociais,"['rede', '-', '-', 'algum', '-', 'frequetes', 'e', 'privados', '-', 'são', 'sendo', 'tipo', 'milhares', 'dados', 'preocupações', 'informações', 'de', 'redes', 'vão', 'verdadeiro', 'isso', 'ou', 'a', '-', 'sociais', 'coisa', 'problemas', '-', 'redes', 'depressão', 'com', 'de', 'para', 'dados', 'pra', 'perigo', 'ás']",29-02-2024,08:03,08:14
EST_185,7,B,Inseguranças no uso das redes sociais,"['forma', 'forma', 'todo', 'este', 'coisas', 'grandes', 'com', 'pessoais', 'coisa', 'estão', 'sendo', 'muita', 'disseminação', 'endereço', 'coisa', 'informações', 'de', 'redes', 'da', 'verdadeiro', 'Isso', 'violencia', 'a', 'familiares', 'sociais', 'acumulo', 'brigas', 'expor', 'redes', 'depressão', 'com', 'de', 'de', 'dados', 'podem', 'uso', 'vazar']",29-02-2024,07:55,08:19
EST_186,7,A,Inseguranças no uso das redes sociais,"['rede', 'tecnologia', '-', 'o', 'beneficios', 'maiores', 'mas', 'ajuda', 'vezes', 'são', 'sendo', 'muitas', '-', 'dados', 'preocupação', 'notícias', 'de', 'redes', 'conseguimos', 'real', 'isso', 'e', 'de', 'famosos', 'podem', 'diferença', 'preconceito', 'ter', 'redes', 'depressão', 'com', 'que', 'e', 'redes', 'devem', 'uso', 'das']",29-02-2024,08:03,08:20
EST_187,9,A,Consumismo entre os jovens,"['sobre', 'de', 'feita', 'do', 'dos', 'de', '-', 'ruins', 'ececivo', 'doenças', 'das', 'são', 'jovens', 'jeito', 'eles', 'e', 'enfiltrar', 'por', 'jovens', 'suficiente', 'das', 'tempo', 'o', 'é', 'completa', 'aprendam', 'ganhar', 'importante', 'mundo', 'que', 'tipo', 'que', 'eles', 'é', 'consumismo', 'tão', 'praticado']",29-02-2024,08:02,08:10
EST_188,7,A,Inseguranças no uso das redes sociais,"['facilidade', 'junção', 'todo', 'o', 'cuidados', 'principais', 'quando', 'é', 'pessoas', 'são', 'sendo', 'muitas', 'quantidade', 'dados', 'coisa', 'informações', 'de', 'redes', 'bem', 'verdadeiro', 'isso', 'como', 'de', 'lugares', 'sociais', 'camada', 'muito', 'criar', 'redes', 'estresse', 'com', 'de', 'e', 'dados', 'devem', 'dano', 'suas']",29-02-2024,08:03,08:21
EST_189,6,A,O uso dos celulares por crianças,"['celular', 'colegas', 'bem', 'do', 'para', 'acessar', 'que', 'também', 'estão', 'celular', 'uma', 'celulares', 'casa', 'são', 'comunicação', 'dores', 'dor', 'do', 'dor', 'que', 'tempo', 'as', 'da', 'pessoas', 'videos', 'que', 'jogos', 'mais', 'que', 'ensine', 'aplicativos', 'a', 'que', 'velho', 'que', 'tem', 'o', 'ter']",29-02-2024,08:03,08:14
EST_190,9,B,Consumismo entre os jovens,"['como', 'de', 'social', 'de', 'de', 'de', 'social', 'piores', 'desenfreado', 'fustração', 'das', 'são', 'jovens', 'para', 'todos', 'pois', 'entrar', 'pelo', 'jovens', 'social', 'das', 'prazo', 'o', 'é', 'social', 'possam', 'ganhar', 'importante', 'consumo', 'sobre', 'item', 'de', 'o', 'Isso', 'consumo', 'muito', 'consumir']",29-02-2024,08:01,08:16
EST_191,6,B,O uso dos celulares por crianças,"['tambem', 'aplicativos', 'de', 'do', 'para', 'ver', 'que', 'tambem', '-', '-', '-', '-', '-', 'são', 'energia', 'traumas', 'dor', '-', '-', 'regras', '-', 'as', 'da', 'pessoas', 'coisas', '-', '-', '-', 'a', 'ver', 'pais', 'a', '-', 'pode', 'melhor', 'podem', 'o', 'melhorar']",29-02-2024,08:00,08:39
EST_192,6,A,O uso dos celulares por crianças,"['também', 'perigos', 'de', 'de', 'porque', 'assistir', 'e', 'podem', 'estão', 'celular', 'uma', 'filhos', 'casa', 'são', 'uso', 'problemas', 'dor', 'como', 'abito', 'alguns', 'uso', 'as', 'da', 'pessoas', 'aplicativos', 'que', 'acesso', 'impróprios', 'a', 'olhar', 'dias', 'a', 'além', 'pode', 'precisso', 'tem', 'o', 'ter']",29-02-2024,08:03,08:20
EST_193,8,A,A importância da responsabilidade ambiental,"['meio', 'expostos', 'mundo', 'necesario', 'para', 'de', 'de', 'forma', 'de', 'energia', 'sobreviver', 'desliga', 'eletricos', 'uso', 'não', 'usar', 'responsavel', 'é', 'o', 'varias', 'vidro', 'para', 'uma', 'faz', 'é', 'ao', 'não', 'e', 'dar', 'ajuda', 'limpo', 'responsavel', 'vamos', 'que', 'de', 'a', 'nossa', 'nosso']",29-02-2024,07:56,08:09
EST_194,6,A,O uso dos celulares por crianças,"['pois', 'costumes', 'por', 'dor', 'para', 'utilizar', 'que', 'a', 'estão', 'celular', 'uma', 'filhos', 'casa', 'são', 'uso', 'danos', 'dor', 'e', 'processo', 'alguns', 'tempo', 'as', 'da', 'pessoas', 'conteúdos', 'necessariamente', 'tempo', 'utilizador', 'a', 'observar', 'usuários', 'a', 'assim', 'pode', 'preciso', 'devem', 'o', 'ter']",29-02-2024,08:03,08:16
EST_195,6,A,O uso dos celulares por crianças,"['familiaris', 'amigos', 'de', 'do', 'todas', 'conhecer', 'que', 'se', 'estão', 'celular', 'em', 'celulares', 'casa', 'não', 'todos', 'ansiedade', 'dor', 'causa', 'aparelho', 'muitos', 'monitoramento', 'as', 'da', 'pessoas', 'aplicativos', 'saber', 'aparelho', 'do', 'pra', 'muitas', 'aplicativos', 'a', 'do', 'pra', 'com', 'devem', 'muito', 'proteger']",29-02-2024,08:03,08:14
EST_196,6,B,O uso dos celulares por crianças,"['Ler', 'hábitos', 'o', 'do', 'que', 'contribuir', 'que', 'de', 'estão', 'filho', 'como', 'filhos', 'casa', 'são', 'celular', 'problemas', 'dor', 'da', 'ati', 'em', 'aparelho', 'as', 'da', 'cites', '-', 'tem', 'filho', 'impróprios', 'celular', 'na', 'yuotube', 'as', 'Porque', 'pode', 'imposivel', 'tem', 'o', 'ter']",29-02-2024,08:00,08:15
EST_197,8,B,A importância da responsabilidade ambiental,"['meio', 'juntos', 'mundo', 'necessária', 'poder', 'para', 'de', 'delas', 'de', 'energia', 'isso', 'apagar', 'elétricos', 'função', 'não', 'necessidade', 'responsavel', 'é', 'o', 'cada', 'vidro', 'para', 'feita', 'faz', 'é', 'ao', 'não', 'e', 'como', 'é', 'bem', 'responsavel', 'sim', 'do', 'de', 'a', 'nossa', 'do']",29-02-2024,08:00,08:13
EST_198,7,B,Inseguranças no uso das redes sociais,"['-', 'facilidade', '-', 'o', 'inseguranças', '-', '-', '-', 'pessoas', 'são', 'sendo', 'uma', '-', '-', 'preocupação', 'mensagens', 'de', 'redes', 'conseguimos', 'verdadeiro', 'E', 'e', 'na', '-', 'sociais', '-', '-', 'ter', 'redes', 'depressão', 'com', 'de', 'e', 'dados', 'devem', '-', 'falsas']",29-02-2024,07:55,08:30
EST_199,7,A,Inseguranças no uso das redes sociais,"['falta', 'forma', 'lugares', 'o', 'proplemas', 'muitas', 'e', 'privados', 'pessoas', 'são', 'sendo', 'muitas', '-', 'convesas', 'preucopasão', 'indentidade', 'de', 'redes', 'consiguimos', 'verdadeiro', 'tudo', 'e', 'na', '-', 'sociais', 'ansiedade', 'problemas', 'celular', 'redes', 'depressão', 'com', 'de', 'pelo', 'coisas', 'devem', 'uso', 'das']",29-02-2024,08:03,08:16
EST_200,7,A,Inseguranças no uso das redes sociais,"['-', '-', '-', '-', '-', '-', 'aonde', 'é', 'pessoas', 'são', 'são', 'muitas', '-', '-', '-', 'amisades', 'de', 'redes', 'conseguimos', '-', '-', '-', '-', '-', 'elas', 'rede', 'muito', 'qualquer', 'redes', 'depresão', 'com', 'são', 'por', 'redes', 'tem', 'usso', 'muitas']",29-02-2024,08:03,08:19
EST_201,9,A,Consumismo entre os jovens,"['entre', 'das', 'feito', 'de', 'de', 'do', 'social', 'alarmantes', 'ecessivo', 'arrependimento', 'são', 'são', 'jovens', 'consentrado', 'eles', 'que', 'valorizar', 'por', 'jovens', 'suficiente', 'de', 'tempo', 'o', 'é', 'economia', 'ajude', 'poupar', 'importante', 'conhecimento', 'sobre', 'escolha', 'de', 'o', 'é', 'consumo', 'muito', 'usado']",29-02-2024,08:02,08:12
EST_202,8,B,A importância da responsabilidade ambiental,"['meio', 'e', 'lugar', 'a', 'para', 'para', 'de', 'forma', 'de', 'coisas', 'ela', 'das', 'e', 'que', 'não', 'desligar', 'é', 'tipo', 'os', 'tipo', 'comida', 'para', 'para', 'faz', 'é', 'ao', 'e', 'para', 'por', 'é', 'muito', 'bem', 'é', 'do', 'de', 'a', 'nossa', 'nosso']",29-02-2024,08:00,08:19
EST_203,6,A,O uso dos celulares por crianças,"['mas', 'perigos', 'por', 'do', 'bom', 'assistir', 'que', 'para', 'estiverem', 'celular', 'uma', 'filhos', 'casa', 'ser', 'uso', 'ploplemas', 'dor', 'ploplemas', 'plopema', 'regras', 'usu', 'as', 'da', 'pessoas', 'conteudos', 'pressisão', 'tipo', '-', 'a', 'ver', 'aplicativo', 'a', 'mas', 'pode', 'que', 'geralmente', 'do', 'manter']",29-02-2024,08:03,08:22
EST_204,6,A,O uso dos celulares por crianças,"['mais', 'vicio', 'de', 'dos', 'para', 'usar', 'que', 'se', 'estão', 'celular', 'uma', 'filhos', 'casa', 'são', 'utilização', 'problemas', 'dor', 'a', 'vício', 'os', 'tempo', 'as', 'da', 'pessoas', 'aplicativos', 'também', 'aplicativo', 'que', 'a', 'todas', 'conteudos', 'as', 'sim', 'pode', 'preciso', 'devem', 'o', 'manter']",29-02-2024,08:03,08:16
EST_205,7,A,Inseguranças no uso das redes sociais,"['inseguranças', 'preocupação', '-', 'o', 'inseguranças', 'inseguranças', 'com', '-', 'coisas', 'são', 'sendo', 'muita', 'abertura', '-', 'coisa', 'coisas', 'de', 'redes', 'querem', 'e', 'insegurança', 'e', 'de', 'bancos', 'sociais', '-', 'coisas', '-', 'redes', 'depressão', 'com', 'de', 'e', 'coisas', 'devem', '-', 'as']",29-02-2024,08:03,08:19
EST_206,6,B,O uso dos celulares por crianças,"['haitear', 'geitos', 'nenhum', 'de', 'para', 'ver', 'que', 'que', 'estão', 'celula', 'muita', 'filhos', 'casa', 'são', 'cuidado', 'danos', 'dor', 'sua', 'redes', 'alguns', 'uso', 'as', 'da', 'os', 'conteudos', 'não', 'filho', 'redes', 'sua', 'suas', 'ceonteudos', 'possa', 'nenhum', 'pode', 'se', 'podem', 'ele', 'permitir']",29-02-2024,08:00,08:08
EST_207,6,B,O uso dos celulares por crianças,"['Mas', 'prós', 'de', 'do', 'para', 'ver', 'que', 'ajuda', 'estão', 'celular', 'uma', 'filhos', 'casa', 'são', 'uso', 'danos', 'dor', 'como', 'rede', 'alguns', 'uso', 'as', 'da', 'pessoas', 'conteúdos', '-', 'uso', 'usados', 'a', 'ver', 'aplicativo', 'sua', 'mas', 'pode', 'preciso', 'devem', 'o', 'ter']",29-02-2024,08:00,08:15
EST_208,7,B,Inseguranças no uso das redes sociais,"['aria', 'internet', 'todo', 'o', 'coisas', 'muitas', 'usando', 'financeiro', 'pessoas', 'São', 'São', 'muitas', 'chegada', 'dados', 'causa', 'informação', 'de', 'redes', 'usa', 'verdade', 'isso', 'graves', 'de', 'empresas', 'sociais', 'dependencia', 'agressão', 'de', 'redes', 'depressão', 'com', 'de', 'para', 'informações', 'conciencia', 'compartilhamento', 'não']",29-02-2024,07:55,08:14
EST_209,7,A,Inseguranças no uso das redes sociais,"['falta', 'dificuldade', '-', 'esse', '-', 'maiores', 'com', '-', 'vezes', 'são', 'sendo', 'uma', 'maioria', '-', 'coisa', 'públicações', 'de', 'redes', 'consegue', 'verdadeiro', 'isso', 'e', 'na', '-', 'sociais', '-', '-', '-', '-', 'depressão', 'com', 'de', 'e', 'dados', 'devem', 'uso', 'as']",29-02-2024,08:03,08:13
EST_210,8,A,A importância da responsabilidade ambiental,"['meio', 'nossa', 'ar', 'boa', 'de', 'para', 'de', 'coisa', 'os', 'coisas', 'ambiente', 'fazer', 'para', 'crise', 'não', 'utilização', 'bom', 'é', 'o', 'varias', 'vidro', 'para', 'uma', 'faz', 'é', 'pois', 'não', 'e', 'um', 'precisa', 'ser', 'boa', 'e', 'que', 'de', 'a', 'nossa', 'nosso']",29-02-2024,08:04,08:14
EST_211,6,A,O uso dos celulares por crianças,"['e', 'aplicativos', 'em', 'desse', 'com', 'aprender', 'que', 'a', 'estão', 'conteúdo', 'a', 'filhos', 'se', 'preucupações', 'internete', 'proplemas', 'dores', 'torta', 'proplemas', 'os', 'aplicativo', 'as', 'da', 'pessoas', 'aplicativos', 'precisão', 'celular', 'nos', 'a', 'as', 'aplicativos', 'as', 'com', 'tem', 'para', 'presisão', 'o', 'proteção']",29-02-2024,08:03,08:24
EST_212,7,A,Inseguranças no uso das redes sociais,"['insegurança', 'preocupação', '-', 'o', 'inseguranças', '-', '-', '-', 'pessoas', '-', '-', '-', '-', '-', 'preocupação', 'falas', 'de', 'redes', '-', 'ou', 'isso', 'de', 'na', '-', 'sociais', 'fobia', 'insegurança', 'ter', 'redes', 'insegurança', 'com', 'da', '-', 'dados', 'vai', 'dano', 'espalhar']",29-02-2024,08:03,08:19
